
 N E X T F L O W   ~  version 24.04.2

Launching `https://github.com/DOH-JDJ0303/bigbacter-nf` [dreamy_lalande] DSL2 - revision: 64473eb332 [v1.0.0]



------------------------------------------------------
                                        ,--./,-.
        ___     __   __   __   ___     /,-._.--~'
  |\ | |__  __ /  ` /  \ |__) |__         }  {
  | \| |       \__, \__/ |  \ |___     \`-._,-`-,
                                        `._,._,'
  DOH-JDJ0303/bigbacter v1.0dev-g64473eb
------------------------------------------------------
Core Nextflow options
  revision            : v1.0.0
  runName             : dreamy_lalande
  containerEngine     : singularity
  container           : [TIMESTAMP:public.ecr.aws/o8h2f0o1/bigbacter-base:1.0.0, NCBI_DATASETS:public.ecr.aws/o8h2f0o1/ncbi-datasets:16.15.0, FORMAT_ASSEMBLY:public.ecr.aws/o8h2f0o1/bigbacter-base:1.0.0, POPPUNK_ASSIGN:public.ecr.aws/o8h2f0o1/poppunk:2.6.5, POPPUNK_VISUAL:public.ecr.aws/o8h2f0o1/poppunk:2.6.5, RESOLVE_MERGED_CLUSTERS:public.ecr.aws/o8h2f0o1/bigbacter-base:1.0.0, SNIPPY_SINGLE:public.ecr.aws/o8h2f0o1/snippy:4.6.0-SC2, SNIPPY_CORE:public.ecr.aws/o8h2f0o1/snippy:4.6.0-SC2, SNP_DISTS:public.ecr.aws/o8h2f0o1/snp-dists:0.8.2, IQTREE:public.ecr.aws/o8h2f0o1/iqtree2:2.3.4, TREE_FIGURE:public.ecr.aws/o8h2f0o1/bigbacter-base:1.0.0, FORMAT_DIST:public.ecr.aws/o8h2f0o1/bigbacter-base:1.0.0, DIST_MAT:public.ecr.aws/o8h2f0o1/bigbacter-base:1.0.0, MRFIGS:public.ecr.aws/o8h2f0o1/bigbacter-base:1.0.0, SUMMARY_TABLE:public.ecr.aws/o8h2f0o1/bigbacter-base:1.0.0, COMBINED_SUMMARY:public.ecr.aws/o8h2f0o1/bigbacter-base:1.0.0, PUSH_CLUSTER_FILES:public.ecr.aws/o8h2f0o1/bigbacter-base:1.0.0, PUSH_TAXA_FILES:public.ecr.aws/o8h2f0o1/bigbacter-base:1.0.0, PREPARE_DB_MOD:public.ecr.aws/o8h2f0o1/bigbacter-base:1.0.0]
  launchDir           : /blue/bphl-georgia/tkiryutina/projects/260707-UGA-Training-CODE/ADD-ISOLATES/bigbacter
  workDir             : /blue/bphl-georgia/tkiryutina/projects/260707-UGA-Training-CODE/ADD-ISOLATES/bigbacter/work
  projectDir          : /home/tkiryutina/.nextflow/assets/DOH-JDJ0303/bigbacter-nf
  userName            : tkiryutina
  profile             : singularity
  configFiles         : /home/tkiryutina/.nextflow/assets/DOH-JDJ0303/bigbacter-nf/nextflow.config, /blue/bphl-georgia/tkiryutina/projects/260707-UGA-Training-CODE/bigbacter/bb_override.config

Input/output options
  input               : /blue/bphl-georgia/tkiryutina/projects/260707-UGA-Training-CODE/ADD-ISOLATES/bigbacter/samplesheet.csv
  outdir              : /blue/bphl-georgia/tkiryutina/projects/260707-UGA-Training-CODE/ADD-ISOLATES/bigbacter/results
  db                  : /blue/bphl-georgia/tkiryutina/projects/260707-UGA-Training-CODE/bigbacter/db

QC: Variant Calling
  min_genfrac         : 85

Tree options
  max_ml              : 500

Other parameters
  schema_ignore_params: genomes,input,ncbi

!! Only displaying parameters that differ from the pipeline defaults !!
------------------------------------------------------
If you use DOH-JDJ0303/bigbacter for your analysis please cite:

* The nf-core framework
  https://doi.org/10.1038/s41587-020-0439-x

* Software dependencies
  https://github.com/DOH-JDJ0303/bigbacter/blob/master/CITATIONS.md
------------------------------------------------------
[-        ] NFC…BACTER:BIGBACTER:TIMESTAMP -
[-        ] NFC…UT_CHECK:SAMPLESHEET_CHECK -
[-        ] NFC…BACTER:BIGBACTER:SEQTK_SEQ -
[-        ] NFC…_BIGBACTER:BIGBACTER:FASTP -
[-        ] NFC…:BIGBACTER:FORMAT_ASSEMBLY -

[-        ] NFC…BACTER:BIGBACTER:TIMESTAMP -
[-        ] NFC…UT_CHECK:SAMPLESHEET_CHECK -
[-        ] NFC…BACTER:BIGBACTER:SEQTK_SEQ -
[-        ] NFC…_BIGBACTER:BIGBACTER:FASTP -
[-        ] NFC…:BIGBACTER:FORMAT_ASSEMBLY -
[-        ] NFC…TER:CLUSTER:POPPUNK_ASSIGN -
[-        ] NFC…TER:CLUSTER:POPPUNK_VISUAL -
[-        ] NFC…ER:RESOLVE_MERGED_CLUSTERS -
[-        ] NFC…GBACTER:CORE:SNIPPY_SINGLE -
[-        ] NFC…BIGBACTER:CORE:SNIPPY_CORE -
[-        ] NFC…TER:BIGBACTER:CORE:GUBBINS -
[-        ] NFC…TER:BIGBACTER:CORE:RAPIDNJ -
[-        ] NFC…CTER:BIGBACTER:CORE:IQTREE -
[-        ] NFC…R:BIGBACTER:CORE:SNP_DISTS -
[-        ] NFC…BIGBACTER:CORE:TREE_FIGURE -
[-        ] NFC…ER:BIGBACTER:CORE:DIST_MAT -
[-        ] NFC…CTER:ACCESSORY:FORMAT_DIST -
[-        ] NFC…GBACTER:ACCESSORY:DIST_MAT -
WARN: Access to undefined parameter `enable_conda` -- Initialise it to a default value eg. `params.enable_conda = some_value`

[-        ] NFC…BACTER:BIGBACTER:TIMESTAMP -
[-        ] NFC…UT_CHECK:SAMPLESHEET_CHECK -
[-        ] NFC…BACTER:BIGBACTER:SEQTK_SEQ -
[-        ] NFC…_BIGBACTER:BIGBACTER:FASTP -
[-        ] NFC…:BIGBACTER:FORMAT_ASSEMBLY -
[-        ] NFC…TER:CLUSTER:POPPUNK_ASSIGN -
[-        ] NFC…TER:CLUSTER:POPPUNK_VISUAL -
[-        ] NFC…ER:RESOLVE_MERGED_CLUSTERS -
[-        ] NFC…GBACTER:CORE:SNIPPY_SINGLE -
[-        ] NFC…BIGBACTER:CORE:SNIPPY_CORE -
[-        ] NFC…TER:BIGBACTER:CORE:GUBBINS -
[-        ] NFC…TER:BIGBACTER:CORE:RAPIDNJ -
[-        ] NFC…CTER:BIGBACTER:CORE:IQTREE -
[-        ] NFC…R:BIGBACTER:CORE:SNP_DISTS -
[-        ] NFC…BIGBACTER:CORE:TREE_FIGURE -
[-        ] NFC…ER:BIGBACTER:CORE:DIST_MAT -
[-        ] NFC…CTER:ACCESSORY:FORMAT_DIST -
[-        ] NFC…GBACTER:ACCESSORY:DIST_MAT -
[-        ] NFC…ER:BIGBACTER:SUMMARY_TABLE -
[-        ] NFC…BIGBACTER:COMBINED_SUMMARY -
Plus 1 more processes waiting for tasks…
WARN: Access to undefined parameter `enable_conda` -- Initialise it to a default value eg. `params.enable_conda = some_value`

[-        ] NFC…BACTER:BIGBACTER:TIMESTAMP -
[-        ] NFC…UT_CHECK:SAMPLESHEET_CHECK -
[-        ] NFC…BACTER:BIGBACTER:SEQTK_SEQ -
[-        ] NFC…_BIGBACTER:BIGBACTER:FASTP -
[-        ] NFC…:BIGBACTER:FORMAT_ASSEMBLY -
[-        ] NFC…TER:CLUSTER:POPPUNK_ASSIGN -
[-        ] NFC…TER:CLUSTER:POPPUNK_VISUAL -
[-        ] NFC…ER:RESOLVE_MERGED_CLUSTERS -
[-        ] NFC…GBACTER:CORE:SNIPPY_SINGLE -
[-        ] NFC…BIGBACTER:CORE:SNIPPY_CORE -
[-        ] NFC…TER:BIGBACTER:CORE:GUBBINS -
[-        ] NFC…TER:BIGBACTER:CORE:RAPIDNJ -
[-        ] NFC…CTER:BIGBACTER:CORE:IQTREE -
[-        ] NFC…R:BIGBACTER:CORE:SNP_DISTS -
[-        ] NFC…BIGBACTER:CORE:TREE_FIGURE -
[-        ] NFC…ER:BIGBACTER:CORE:DIST_MAT -
[-        ] NFC…CTER:ACCESSORY:FORMAT_DIST -
[-        ] NFC…GBACTER:ACCESSORY:DIST_MAT -
[-        ] NFC…ER:BIGBACTER:SUMMARY_TABLE -
[-        ] NFC…BIGBACTER:COMBINED_SUMMARY -
Plus 2 more processes waiting for tasks…
WARN: Access to undefined parameter `enable_conda` -- Initialise it to a default value eg. `params.enable_conda = some_value`

[-        ] NFC…BACTER:BIGBACTER:TIMESTAMP | 0 of 1
[-        ] NFC…UT_CHECK:SAMPLESHEET_CHECK -
[-        ] NFC…BACTER:BIGBACTER:SEQTK_SEQ -
[-        ] NFC…_BIGBACTER:BIGBACTER:FASTP -
[-        ] NFC…:BIGBACTER:FORMAT_ASSEMBLY -
[-        ] NFC…TER:CLUSTER:POPPUNK_ASSIGN -
[-        ] NFC…TER:CLUSTER:POPPUNK_VISUAL -
[-        ] NFC…ER:RESOLVE_MERGED_CLUSTERS -
[-        ] NFC…GBACTER:CORE:SNIPPY_SINGLE -
[-        ] NFC…BIGBACTER:CORE:SNIPPY_CORE -
[-        ] NFC…TER:BIGBACTER:CORE:GUBBINS -
[-        ] NFC…TER:BIGBACTER:CORE:RAPIDNJ -
[-        ] NFC…CTER:BIGBACTER:CORE:IQTREE -
[-        ] NFC…R:BIGBACTER:CORE:SNP_DISTS -
[-        ] NFC…BIGBACTER:CORE:TREE_FIGURE -
[-        ] NFC…ER:BIGBACTER:CORE:DIST_MAT -
[-        ] NFC…CTER:ACCESSORY:FORMAT_DIST -
[-        ] NFC…GBACTER:ACCESSORY:DIST_MAT -
[-        ] NFC…ER:BIGBACTER:SUMMARY_TABLE -
[-        ] NFC…BIGBACTER:COMBINED_SUMMARY -
Plus 3 more processes waiting for tasks…
WARN: Access to undefined parameter `enable_conda` -- Initialise it to a default value eg. `params.enable_conda = some_value`

executor >  local (1)
[3d/878939] NFC…BACTER:BIGBACTER:TIMESTAMP | 0 of 1
[-        ] NFC…UT_CHECK:SAMPLESHEET_CHECK -
[-        ] NFC…BACTER:BIGBACTER:SEQTK_SEQ -
[-        ] NFC…_BIGBACTER:BIGBACTER:FASTP -
[-        ] NFC…:BIGBACTER:FORMAT_ASSEMBLY -
[-        ] NFC…TER:CLUSTER:POPPUNK_ASSIGN -
[-        ] NFC…TER:CLUSTER:POPPUNK_VISUAL -
[-        ] NFC…ER:RESOLVE_MERGED_CLUSTERS -
[-        ] NFC…GBACTER:CORE:SNIPPY_SINGLE -
[-        ] NFC…BIGBACTER:CORE:SNIPPY_CORE -
[-        ] NFC…TER:BIGBACTER:CORE:GUBBINS -
[-        ] NFC…TER:BIGBACTER:CORE:RAPIDNJ -
[-        ] NFC…CTER:BIGBACTER:CORE:IQTREE -
[-        ] NFC…R:BIGBACTER:CORE:SNP_DISTS -
[-        ] NFC…BIGBACTER:CORE:TREE_FIGURE -
[-        ] NFC…ER:BIGBACTER:CORE:DIST_MAT -
[-        ] NFC…CTER:ACCESSORY:FORMAT_DIST -
[-        ] NFC…GBACTER:ACCESSORY:DIST_MAT -
[-        ] NFC…ER:BIGBACTER:SUMMARY_TABLE -
[-        ] NFC…BIGBACTER:COMBINED_SUMMARY -
Plus 3 more processes waiting for tasks…
WARN: Access to undefined parameter `enable_conda` -- Initialise it to a default value eg. `params.enable_conda = some_value`

executor >  local (1)
[3d/878939] NFC…BACTER:BIGBACTER:TIMESTAMP | 1 of 1 ✔
[-        ] NFC…UT_CHECK:SAMPLESHEET_CHECK -
[-        ] NFC…BACTER:BIGBACTER:SEQTK_SEQ -
[-        ] NFC…_BIGBACTER:BIGBACTER:FASTP -
[-        ] NFC…:BIGBACTER:FORMAT_ASSEMBLY -
[-        ] NFC…TER:CLUSTER:POPPUNK_ASSIGN -
[-        ] NFC…TER:CLUSTER:POPPUNK_VISUAL -
[-        ] NFC…ER:RESOLVE_MERGED_CLUSTERS -
[-        ] NFC…GBACTER:CORE:SNIPPY_SINGLE -
[-        ] NFC…BIGBACTER:CORE:SNIPPY_CORE -
[-        ] NFC…TER:BIGBACTER:CORE:GUBBINS -
[-        ] NFC…TER:BIGBACTER:CORE:RAPIDNJ -
[-        ] NFC…CTER:BIGBACTER:CORE:IQTREE -
[-        ] NFC…R:BIGBACTER:CORE:SNP_DISTS -
[-        ] NFC…BIGBACTER:CORE:TREE_FIGURE -
[-        ] NFC…ER:BIGBACTER:CORE:DIST_MAT -
[-        ] NFC…CTER:ACCESSORY:FORMAT_DIST -
[-        ] NFC…GBACTER:ACCESSORY:DIST_MAT -
[-        ] NFC…ER:BIGBACTER:SUMMARY_TABLE -
[-        ] NFC…BIGBACTER:COMBINED_SUMMARY -
Plus 3 more processes waiting for tasks…
WARN: Access to undefined parameter `enable_conda` -- Initialise it to a default value eg. `params.enable_conda = some_value`

executor >  local (1)
[3d/878939] NFC…BACTER:BIGBACTER:TIMESTAMP | 1 of 1 ✔
[-        ] NFC…UT_CHECK:SAMPLESHEET_CHECK | 0 of 1
[-        ] NFC…BACTER:BIGBACTER:SEQTK_SEQ -
[-        ] NFC…_BIGBACTER:BIGBACTER:FASTP -
[-        ] NFC…:BIGBACTER:FORMAT_ASSEMBLY -
[-        ] NFC…TER:CLUSTER:POPPUNK_ASSIGN -
[-        ] NFC…TER:CLUSTER:POPPUNK_VISUAL -
[-        ] NFC…ER:RESOLVE_MERGED_CLUSTERS -
[-        ] NFC…GBACTER:CORE:SNIPPY_SINGLE -
[-        ] NFC…BIGBACTER:CORE:SNIPPY_CORE -
[-        ] NFC…TER:BIGBACTER:CORE:GUBBINS -
[-        ] NFC…TER:BIGBACTER:CORE:RAPIDNJ -
[-        ] NFC…CTER:BIGBACTER:CORE:IQTREE -
[-        ] NFC…R:BIGBACTER:CORE:SNP_DISTS -
[-        ] NFC…BIGBACTER:CORE:TREE_FIGURE -
[-        ] NFC…ER:BIGBACTER:CORE:DIST_MAT -
[-        ] NFC…CTER:ACCESSORY:FORMAT_DIST -
[-        ] NFC…GBACTER:ACCESSORY:DIST_MAT -
[-        ] NFC…ER:BIGBACTER:SUMMARY_TABLE -
[-        ] NFC…BIGBACTER:COMBINED_SUMMARY -
Plus 3 more processes waiting for tasks…
WARN: Access to undefined parameter `enable_conda` -- Initialise it to a default value eg. `params.enable_conda = some_value`

executor >  local (2)
[3d/878939] NFC…BACTER:BIGBACTER:TIMESTAMP | 1 of 1 ✔
[e5/2a3682] NFC…ET_CHECK (samplesheet.csv) | 0 of 1
[-        ] NFC…BACTER:BIGBACTER:SEQTK_SEQ -
[-        ] NFC…_BIGBACTER:BIGBACTER:FASTP -
[-        ] NFC…:BIGBACTER:FORMAT_ASSEMBLY -
[-        ] NFC…TER:CLUSTER:POPPUNK_ASSIGN -
[-        ] NFC…TER:CLUSTER:POPPUNK_VISUAL -
[-        ] NFC…ER:RESOLVE_MERGED_CLUSTERS -
[-        ] NFC…GBACTER:CORE:SNIPPY_SINGLE -
[-        ] NFC…BIGBACTER:CORE:SNIPPY_CORE -
[-        ] NFC…TER:BIGBACTER:CORE:GUBBINS -
[-        ] NFC…TER:BIGBACTER:CORE:RAPIDNJ -
[-        ] NFC…CTER:BIGBACTER:CORE:IQTREE -
[-        ] NFC…R:BIGBACTER:CORE:SNP_DISTS -
[-        ] NFC…BIGBACTER:CORE:TREE_FIGURE -
[-        ] NFC…ER:BIGBACTER:CORE:DIST_MAT -
[-        ] NFC…CTER:ACCESSORY:FORMAT_DIST -
[-        ] NFC…GBACTER:ACCESSORY:DIST_MAT -
[-        ] NFC…ER:BIGBACTER:SUMMARY_TABLE -
[-        ] NFC…BIGBACTER:COMBINED_SUMMARY -
Plus 3 more processes waiting for tasks…
WARN: Access to undefined parameter `enable_conda` -- Initialise it to a default value eg. `params.enable_conda = some_value`

executor >  local (2)
[3d/878939] NFC…BACTER:BIGBACTER:TIMESTAMP | 1 of 1 ✔
[e5/2a3682] NFC…ET_CHECK (samplesheet.csv) | 1 of 1 ✔
[-        ] NFC…BACTER:BIGBACTER:SEQTK_SEQ -
[-        ] NFC…_BIGBACTER:BIGBACTER:FASTP -
[-        ] NFC…:BIGBACTER:FORMAT_ASSEMBLY -
[-        ] NFC…TER:CLUSTER:POPPUNK_ASSIGN -
[-        ] NFC…TER:CLUSTER:POPPUNK_VISUAL -
[-        ] NFC…ER:RESOLVE_MERGED_CLUSTERS -
[-        ] NFC…GBACTER:CORE:SNIPPY_SINGLE -
[-        ] NFC…BIGBACTER:CORE:SNIPPY_CORE -
[-        ] NFC…TER:BIGBACTER:CORE:GUBBINS -
[-        ] NFC…TER:BIGBACTER:CORE:RAPIDNJ -
[-        ] NFC…CTER:BIGBACTER:CORE:IQTREE -
[-        ] NFC…R:BIGBACTER:CORE:SNP_DISTS -
[-        ] NFC…BIGBACTER:CORE:TREE_FIGURE -
[-        ] NFC…ER:BIGBACTER:CORE:DIST_MAT -
[-        ] NFC…CTER:ACCESSORY:FORMAT_DIST -
[-        ] NFC…GBACTER:ACCESSORY:DIST_MAT -
[-        ] NFC…ER:BIGBACTER:SUMMARY_TABLE -
[-        ] NFC…BIGBACTER:COMBINED_SUMMARY -
Plus 3 more processes waiting for tasks…
WARN: Access to undefined parameter `enable_conda` -- Initialise it to a default value eg. `params.enable_conda = some_value`

executor >  local (8)
[3d/878939] NFC…BACTER:BIGBACTER:TIMESTAMP | 1 of 1 ✔
[e5/2a3682] NFC…ET_CHECK (samplesheet.csv) | 1 of 1 ✔
[fa/2b336b] NFC…EQTK_SEQ (2025LY-00206_T1) | 0 of 6
[-        ] NFC…_BIGBACTER:BIGBACTER:FASTP -
[-        ] NFC…:BIGBACTER:FORMAT_ASSEMBLY -
[-        ] NFC…TER:CLUSTER:POPPUNK_ASSIGN -
[-        ] NFC…TER:CLUSTER:POPPUNK_VISUAL -
[-        ] NFC…ER:RESOLVE_MERGED_CLUSTERS -
[-        ] NFC…GBACTER:CORE:SNIPPY_SINGLE -
[-        ] NFC…BIGBACTER:CORE:SNIPPY_CORE -
[-        ] NFC…TER:BIGBACTER:CORE:GUBBINS -
[-        ] NFC…TER:BIGBACTER:CORE:RAPIDNJ -
[-        ] NFC…CTER:BIGBACTER:CORE:IQTREE -
[-        ] NFC…R:BIGBACTER:CORE:SNP_DISTS -
[-        ] NFC…BIGBACTER:CORE:TREE_FIGURE -
[-        ] NFC…ER:BIGBACTER:CORE:DIST_MAT -
[-        ] NFC…CTER:ACCESSORY:FORMAT_DIST -
[-        ] NFC…GBACTER:ACCESSORY:DIST_MAT -
[-        ] NFC…ER:BIGBACTER:SUMMARY_TABLE -
[-        ] NFC…BIGBACTER:COMBINED_SUMMARY -
Plus 3 more processes waiting for tasks…
WARN: Access to undefined parameter `enable_conda` -- Initialise it to a default value eg. `params.enable_conda = some_value`

executor >  local (10)
[3d/878939] NFC…BACTER:BIGBACTER:TIMESTAMP | 1 of 1 ✔
[e5/2a3682] NFC…ET_CHECK (samplesheet.csv) | 1 of 1 ✔
[26/fb0dd8] NFC…EQTK_SEQ (2025LY-00122_T1) | 0 of 18
[-        ] NFC…_BIGBACTER:BIGBACTER:FASTP -
[-        ] NFC…:BIGBACTER:FORMAT_ASSEMBLY -
[-        ] NFC…TER:CLUSTER:POPPUNK_ASSIGN -
[-        ] NFC…TER:CLUSTER:POPPUNK_VISUAL -
[-        ] NFC…ER:RESOLVE_MERGED_CLUSTERS -
[-        ] NFC…GBACTER:CORE:SNIPPY_SINGLE -
[-        ] NFC…BIGBACTER:CORE:SNIPPY_CORE -
[-        ] NFC…TER:BIGBACTER:CORE:GUBBINS -
[-        ] NFC…TER:BIGBACTER:CORE:RAPIDNJ -
[-        ] NFC…CTER:BIGBACTER:CORE:IQTREE -
[-        ] NFC…R:BIGBACTER:CORE:SNP_DISTS -
[-        ] NFC…BIGBACTER:CORE:TREE_FIGURE -
[-        ] NFC…ER:BIGBACTER:CORE:DIST_MAT -
[-        ] NFC…CTER:ACCESSORY:FORMAT_DIST -
[-        ] NFC…GBACTER:ACCESSORY:DIST_MAT -
[-        ] NFC…ER:BIGBACTER:SUMMARY_TABLE -
[-        ] NFC…BIGBACTER:COMBINED_SUMMARY -
Plus 3 more processes waiting for tasks…
WARN: Access to undefined parameter `enable_conda` -- Initialise it to a default value eg. `params.enable_conda = some_value`

executor >  local (10)
[3d/878939] NFC…BACTER:BIGBACTER:TIMESTAMP | 1 of 1 ✔
[e5/2a3682] NFC…ET_CHECK (samplesheet.csv) | 1 of 1 ✔
[26/fb0dd8] NFC…EQTK_SEQ (2025LY-00122_T1) | 0 of 18
[-        ] NFC…_BIGBACTER:BIGBACTER:FASTP -
[-        ] NFC…:BIGBACTER:FORMAT_ASSEMBLY -
[-        ] NFC…TER:CLUSTER:POPPUNK_ASSIGN -
[-        ] NFC…TER:CLUSTER:POPPUNK_VISUAL -
[-        ] NFC…ER:RESOLVE_MERGED_CLUSTERS -
[-        ] NFC…GBACTER:CORE:SNIPPY_SINGLE -
[-        ] NFC…BIGBACTER:CORE:SNIPPY_CORE -
[-        ] NFC…TER:BIGBACTER:CORE:GUBBINS -
[-        ] NFC…TER:BIGBACTER:CORE:RAPIDNJ -
[-        ] NFC…CTER:BIGBACTER:CORE:IQTREE -
[-        ] NFC…R:BIGBACTER:CORE:SNP_DISTS -
[-        ] NFC…BIGBACTER:CORE:TREE_FIGURE -
[-        ] NFC…ER:BIGBACTER:CORE:DIST_MAT -
[-        ] NFC…CTER:ACCESSORY:FORMAT_DIST -
[-        ] NFC…GBACTER:ACCESSORY:DIST_MAT -
[-        ] NFC…ER:BIGBACTER:SUMMARY_TABLE -
[-        ] NFC…BIGBACTER:COMBINED_SUMMARY -
Plus 3 more processes waiting for tasks…
WARN: Access to undefined parameter `enable_conda` -- Initialise it to a default value eg. `params.enable_conda = some_value`

executor >  local (10)
[3d/878939] NFC…BACTER:BIGBACTER:TIMESTAMP | 1 of 1 ✔
[e5/2a3682] NFC…ET_CHECK (samplesheet.csv) | 1 of 1 ✔
[26/fb0dd8] NFC…EQTK_SEQ (2025LY-00122_T1) | 0 of 26
[-        ] NFC…_BIGBACTER:BIGBACTER:FASTP -
[-        ] NFC…:BIGBACTER:FORMAT_ASSEMBLY -
[-        ] NFC…TER:CLUSTER:POPPUNK_ASSIGN -
[-        ] NFC…TER:CLUSTER:POPPUNK_VISUAL -
[-        ] NFC…ER:RESOLVE_MERGED_CLUSTERS -
[-        ] NFC…GBACTER:CORE:SNIPPY_SINGLE -
[-        ] NFC…BIGBACTER:CORE:SNIPPY_CORE -
[-        ] NFC…TER:BIGBACTER:CORE:GUBBINS -
[-        ] NFC…TER:BIGBACTER:CORE:RAPIDNJ -
[-        ] NFC…CTER:BIGBACTER:CORE:IQTREE -
[-        ] NFC…R:BIGBACTER:CORE:SNP_DISTS -
[-        ] NFC…BIGBACTER:CORE:TREE_FIGURE -
[-        ] NFC…ER:BIGBACTER:CORE:DIST_MAT -
[-        ] NFC…CTER:ACCESSORY:FORMAT_DIST -
[-        ] NFC…GBACTER:ACCESSORY:DIST_MAT -
[-        ] NFC…ER:BIGBACTER:SUMMARY_TABLE -
[-        ] NFC…BIGBACTER:COMBINED_SUMMARY -
Plus 3 more processes waiting for tasks…
WARN: Access to undefined parameter `enable_conda` -- Initialise it to a default value eg. `params.enable_conda = some_value`

executor >  local (10)
[3d/878939] NFC…BACTER:BIGBACTER:TIMESTAMP | 1 of 1 ✔
[e5/2a3682] NFC…ET_CHECK (samplesheet.csv) | 1 of 1 ✔
[26/fb0dd8] NFC…EQTK_SEQ (2025LY-00122_T1) | 0 of 27
[-        ] NFC…_BIGBACTER:BIGBACTER:FASTP -
[-        ] NFC…:BIGBACTER:FORMAT_ASSEMBLY -
[-        ] NFC…TER:CLUSTER:POPPUNK_ASSIGN -
[-        ] NFC…TER:CLUSTER:POPPUNK_VISUAL -
[-        ] NFC…ER:RESOLVE_MERGED_CLUSTERS -
[-        ] NFC…GBACTER:CORE:SNIPPY_SINGLE -
[-        ] NFC…BIGBACTER:CORE:SNIPPY_CORE -
[-        ] NFC…TER:BIGBACTER:CORE:GUBBINS -
[-        ] NFC…TER:BIGBACTER:CORE:RAPIDNJ -
[-        ] NFC…CTER:BIGBACTER:CORE:IQTREE -
[-        ] NFC…R:BIGBACTER:CORE:SNP_DISTS -
[-        ] NFC…BIGBACTER:CORE:TREE_FIGURE -
[-        ] NFC…ER:BIGBACTER:CORE:DIST_MAT -
[-        ] NFC…CTER:ACCESSORY:FORMAT_DIST -
[-        ] NFC…GBACTER:ACCESSORY:DIST_MAT -
[-        ] NFC…ER:BIGBACTER:SUMMARY_TABLE -
[-        ] NFC…BIGBACTER:COMBINED_SUMMARY -
Plus 3 more processes waiting for tasks…
WARN: Access to undefined parameter `enable_conda` -- Initialise it to a default value eg. `params.enable_conda = some_value`

executor >  local (10)
[3d/878939] NFC…BACTER:BIGBACTER:TIMESTAMP | 1 of 1 ✔
[e5/2a3682] NFC…ET_CHECK (samplesheet.csv) | 1 of 1 ✔
[26/fb0dd8] NFC…EQTK_SEQ (2025LY-00122_T1) | 0 of 28
[-        ] NFC…_BIGBACTER:BIGBACTER:FASTP -
[-        ] NFC…:BIGBACTER:FORMAT_ASSEMBLY -
[-        ] NFC…TER:CLUSTER:POPPUNK_ASSIGN -
[-        ] NFC…TER:CLUSTER:POPPUNK_VISUAL -
[-        ] NFC…ER:RESOLVE_MERGED_CLUSTERS -
[-        ] NFC…GBACTER:CORE:SNIPPY_SINGLE -
[-        ] NFC…BIGBACTER:CORE:SNIPPY_CORE -
[-        ] NFC…TER:BIGBACTER:CORE:GUBBINS -
[-        ] NFC…TER:BIGBACTER:CORE:RAPIDNJ -
[-        ] NFC…CTER:BIGBACTER:CORE:IQTREE -
[-        ] NFC…R:BIGBACTER:CORE:SNP_DISTS -
[-        ] NFC…BIGBACTER:CORE:TREE_FIGURE -
[-        ] NFC…ER:BIGBACTER:CORE:DIST_MAT -
[-        ] NFC…CTER:ACCESSORY:FORMAT_DIST -
[-        ] NFC…GBACTER:ACCESSORY:DIST_MAT -
[-        ] NFC…ER:BIGBACTER:SUMMARY_TABLE -
[-        ] NFC…BIGBACTER:COMBINED_SUMMARY -
Plus 3 more processes waiting for tasks…
WARN: Access to undefined parameter `enable_conda` -- Initialise it to a default value eg. `params.enable_conda = some_value`

executor >  local (15)
[3d/878939] NFC…BACTER:BIGBACTER:TIMESTAMP | 1 of 1 ✔
[e5/2a3682] NFC…ET_CHECK (samplesheet.csv) | 1 of 1 ✔
[3b/2388c0] NFC…EQTK_SEQ (2025LY-00121_T1) | 5 of 28
[-        ] NFC…_BIGBACTER:BIGBACTER:FASTP | 0 of 2
[-        ] NFC…:BIGBACTER:FORMAT_ASSEMBLY -
[-        ] NFC…TER:CLUSTER:POPPUNK_ASSIGN -
[-        ] NFC…TER:CLUSTER:POPPUNK_VISUAL -
[-        ] NFC…ER:RESOLVE_MERGED_CLUSTERS -
[-        ] NFC…GBACTER:CORE:SNIPPY_SINGLE -
[-        ] NFC…BIGBACTER:CORE:SNIPPY_CORE -
[-        ] NFC…TER:BIGBACTER:CORE:GUBBINS -
[-        ] NFC…TER:BIGBACTER:CORE:RAPIDNJ -
[-        ] NFC…CTER:BIGBACTER:CORE:IQTREE -
[-        ] NFC…R:BIGBACTER:CORE:SNP_DISTS -
[-        ] NFC…BIGBACTER:CORE:TREE_FIGURE -
[-        ] NFC…ER:BIGBACTER:CORE:DIST_MAT -
[-        ] NFC…CTER:ACCESSORY:FORMAT_DIST -
[-        ] NFC…GBACTER:ACCESSORY:DIST_MAT -
[-        ] NFC…ER:BIGBACTER:SUMMARY_TABLE -
[-        ] NFC…BIGBACTER:COMBINED_SUMMARY -
Plus 3 more processes waiting for tasks…
WARN: Access to undefined parameter `enable_conda` -- Initialise it to a default value eg. `params.enable_conda = some_value`

executor >  local (18)
[3d/878939] NFC…BACTER:BIGBACTER:TIMESTAMP | 1 of 1 ✔
[e5/2a3682] NFC…ET_CHECK (samplesheet.csv) | 1 of 1 ✔
[49/5b808e] NFC…EQTK_SEQ (2026LY-00034_T1) | 8 of 28
[-        ] NFC…_BIGBACTER:BIGBACTER:FASTP | 0 of 6
[-        ] NFC…:BIGBACTER:FORMAT_ASSEMBLY -
[-        ] NFC…TER:CLUSTER:POPPUNK_ASSIGN -
[-        ] NFC…TER:CLUSTER:POPPUNK_VISUAL -
[-        ] NFC…ER:RESOLVE_MERGED_CLUSTERS -
[-        ] NFC…GBACTER:CORE:SNIPPY_SINGLE -
[-        ] NFC…BIGBACTER:CORE:SNIPPY_CORE -
[-        ] NFC…TER:BIGBACTER:CORE:GUBBINS -
[-        ] NFC…TER:BIGBACTER:CORE:RAPIDNJ -
[-        ] NFC…CTER:BIGBACTER:CORE:IQTREE -
[-        ] NFC…R:BIGBACTER:CORE:SNP_DISTS -
[-        ] NFC…BIGBACTER:CORE:TREE_FIGURE -
[-        ] NFC…ER:BIGBACTER:CORE:DIST_MAT -
[-        ] NFC…CTER:ACCESSORY:FORMAT_DIST -
[-        ] NFC…GBACTER:ACCESSORY:DIST_MAT -
[-        ] NFC…ER:BIGBACTER:SUMMARY_TABLE -
[-        ] NFC…BIGBACTER:COMBINED_SUMMARY -
Plus 3 more processes waiting for tasks…
WARN: Access to undefined parameter `enable_conda` -- Initialise it to a default value eg. `params.enable_conda = some_value`

executor >  local (18)
[3d/878939] NFC…BACTER:BIGBACTER:TIMESTAMP | 1 of 1 ✔
[e5/2a3682] NFC…ET_CHECK (samplesheet.csv) | 1 of 1 ✔
[49/5b808e] NFC…EQTK_SEQ (2026LY-00034_T1) | 8 of 28
[-        ] NFC…_BIGBACTER:BIGBACTER:FASTP | 0 of 7
[-        ] NFC…:BIGBACTER:FORMAT_ASSEMBLY -
[-        ] NFC…TER:CLUSTER:POPPUNK_ASSIGN -
[-        ] NFC…TER:CLUSTER:POPPUNK_VISUAL -
[-        ] NFC…ER:RESOLVE_MERGED_CLUSTERS -
[-        ] NFC…GBACTER:CORE:SNIPPY_SINGLE -
[-        ] NFC…BIGBACTER:CORE:SNIPPY_CORE -
[-        ] NFC…TER:BIGBACTER:CORE:GUBBINS -
[-        ] NFC…TER:BIGBACTER:CORE:RAPIDNJ -
[-        ] NFC…CTER:BIGBACTER:CORE:IQTREE -
[-        ] NFC…R:BIGBACTER:CORE:SNP_DISTS -
[-        ] NFC…BIGBACTER:CORE:TREE_FIGURE -
[-        ] NFC…ER:BIGBACTER:CORE:DIST_MAT -
[-        ] NFC…CTER:ACCESSORY:FORMAT_DIST -
[-        ] NFC…GBACTER:ACCESSORY:DIST_MAT -
[-        ] NFC…ER:BIGBACTER:SUMMARY_TABLE -
[-        ] NFC…BIGBACTER:COMBINED_SUMMARY -
Plus 3 more processes waiting for tasks…
WARN: Access to undefined parameter `enable_conda` -- Initialise it to a default value eg. `params.enable_conda = some_value`

executor >  local (18)
[3d/878939] NFC…BACTER:BIGBACTER:TIMESTAMP | 1 of 1 ✔
[e5/2a3682] NFC…ET_CHECK (samplesheet.csv) | 1 of 1 ✔
[49/5b808e] NFC…EQTK_SEQ (2026LY-00034_T1) | 8 of 28
[-        ] NFC…_BIGBACTER:BIGBACTER:FASTP | 0 of 8
[-        ] NFC…:BIGBACTER:FORMAT_ASSEMBLY -
[-        ] NFC…TER:CLUSTER:POPPUNK_ASSIGN -
[-        ] NFC…TER:CLUSTER:POPPUNK_VISUAL -
[-        ] NFC…ER:RESOLVE_MERGED_CLUSTERS -
[-        ] NFC…GBACTER:CORE:SNIPPY_SINGLE -
[-        ] NFC…BIGBACTER:CORE:SNIPPY_CORE -
[-        ] NFC…TER:BIGBACTER:CORE:GUBBINS -
[-        ] NFC…TER:BIGBACTER:CORE:RAPIDNJ -
[-        ] NFC…CTER:BIGBACTER:CORE:IQTREE -
[-        ] NFC…R:BIGBACTER:CORE:SNP_DISTS -
[-        ] NFC…BIGBACTER:CORE:TREE_FIGURE -
[-        ] NFC…ER:BIGBACTER:CORE:DIST_MAT -
[-        ] NFC…CTER:ACCESSORY:FORMAT_DIST -
[-        ] NFC…GBACTER:ACCESSORY:DIST_MAT -
[-        ] NFC…ER:BIGBACTER:SUMMARY_TABLE -
[-        ] NFC…BIGBACTER:COMBINED_SUMMARY -
Plus 3 more processes waiting for tasks…
WARN: Access to undefined parameter `enable_conda` -- Initialise it to a default value eg. `params.enable_conda = some_value`

executor >  local (20)
[3d/878939] NFC…BACTER:BIGBACTER:TIMESTAMP | 1 of 1 ✔
[e5/2a3682] NFC…ET_CHECK (samplesheet.csv) | 1 of 1 ✔
[d2/48c49e] NFC…EQTK_SEQ (2025LY-00212_T1) | 14 of 28
[-        ] NFC…_BIGBACTER:BIGBACTER:FASTP | 0 of 14
[-        ] NFC…:BIGBACTER:FORMAT_ASSEMBLY -
[-        ] NFC…TER:CLUSTER:POPPUNK_ASSIGN -
[-        ] NFC…TER:CLUSTER:POPPUNK_VISUAL -
[-        ] NFC…ER:RESOLVE_MERGED_CLUSTERS -
[-        ] NFC…GBACTER:CORE:SNIPPY_SINGLE -
[-        ] NFC…BIGBACTER:CORE:SNIPPY_CORE -
[-        ] NFC…TER:BIGBACTER:CORE:GUBBINS -
[-        ] NFC…TER:BIGBACTER:CORE:RAPIDNJ -
[-        ] NFC…CTER:BIGBACTER:CORE:IQTREE -
[-        ] NFC…R:BIGBACTER:CORE:SNP_DISTS -
[-        ] NFC…BIGBACTER:CORE:TREE_FIGURE -
[-        ] NFC…ER:BIGBACTER:CORE:DIST_MAT -
[-        ] NFC…CTER:ACCESSORY:FORMAT_DIST -
[-        ] NFC…GBACTER:ACCESSORY:DIST_MAT -
[-        ] NFC…ER:BIGBACTER:SUMMARY_TABLE -
[-        ] NFC…BIGBACTER:COMBINED_SUMMARY -
Plus 3 more processes waiting for tasks…
WARN: Access to undefined parameter `enable_conda` -- Initialise it to a default value eg. `params.enable_conda = some_value`

executor >  local (22)
[3d/878939] NFC…BACTER:BIGBACTER:TIMESTAMP | 1 of 1 ✔
[e5/2a3682] NFC…ET_CHECK (samplesheet.csv) | 1 of 1 ✔
[06/fa6afb] NFC…SEQTK_SEQ (2025LY00108_T1) | 15 of 28
[-        ] NFC…_BIGBACTER:BIGBACTER:FASTP | 0 of 15
[-        ] NFC…:BIGBACTER:FORMAT_ASSEMBLY -
[-        ] NFC…TER:CLUSTER:POPPUNK_ASSIGN -
[-        ] NFC…TER:CLUSTER:POPPUNK_VISUAL -
[-        ] NFC…ER:RESOLVE_MERGED_CLUSTERS -
[-        ] NFC…GBACTER:CORE:SNIPPY_SINGLE -
[-        ] NFC…BIGBACTER:CORE:SNIPPY_CORE -
[-        ] NFC…TER:BIGBACTER:CORE:GUBBINS -
[-        ] NFC…TER:BIGBACTER:CORE:RAPIDNJ -
[-        ] NFC…CTER:BIGBACTER:CORE:IQTREE -
[-        ] NFC…R:BIGBACTER:CORE:SNP_DISTS -
[-        ] NFC…BIGBACTER:CORE:TREE_FIGURE -
[-        ] NFC…ER:BIGBACTER:CORE:DIST_MAT -
[-        ] NFC…CTER:ACCESSORY:FORMAT_DIST -
[-        ] NFC…GBACTER:ACCESSORY:DIST_MAT -
[-        ] NFC…ER:BIGBACTER:SUMMARY_TABLE -
[-        ] NFC…BIGBACTER:COMBINED_SUMMARY -
Plus 3 more processes waiting for tasks…
WARN: Access to undefined parameter `enable_conda` -- Initialise it to a default value eg. `params.enable_conda = some_value`

executor >  local (22)
[3d/878939] NFC…BACTER:BIGBACTER:TIMESTAMP | 1 of 1 ✔
[e5/2a3682] NFC…ET_CHECK (samplesheet.csv) | 1 of 1 ✔
[9c/de1e6c] NFC…SEQTK_SEQ (2025LY00111_T1) | 16 of 28
[-        ] NFC…_BIGBACTER:BIGBACTER:FASTP | 0 of 16
[-        ] NFC…:BIGBACTER:FORMAT_ASSEMBLY -
[-        ] NFC…TER:CLUSTER:POPPUNK_ASSIGN -
[-        ] NFC…TER:CLUSTER:POPPUNK_VISUAL -
[-        ] NFC…ER:RESOLVE_MERGED_CLUSTERS -
[-        ] NFC…GBACTER:CORE:SNIPPY_SINGLE -
[-        ] NFC…BIGBACTER:CORE:SNIPPY_CORE -
[-        ] NFC…TER:BIGBACTER:CORE:GUBBINS -
[-        ] NFC…TER:BIGBACTER:CORE:RAPIDNJ -
[-        ] NFC…CTER:BIGBACTER:CORE:IQTREE -
[-        ] NFC…R:BIGBACTER:CORE:SNP_DISTS -
[-        ] NFC…BIGBACTER:CORE:TREE_FIGURE -
[-        ] NFC…ER:BIGBACTER:CORE:DIST_MAT -
[-        ] NFC…CTER:ACCESSORY:FORMAT_DIST -
[-        ] NFC…GBACTER:ACCESSORY:DIST_MAT -
[-        ] NFC…ER:BIGBACTER:SUMMARY_TABLE -
[-        ] NFC…BIGBACTER:COMBINED_SUMMARY -
Plus 3 more processes waiting for tasks…
WARN: Access to undefined parameter `enable_conda` -- Initialise it to a default value eg. `params.enable_conda = some_value`

executor >  local (23)
[3d/878939] NFC…BACTER:BIGBACTER:TIMESTAMP | 1 of 1 ✔
[e5/2a3682] NFC…ET_CHECK (samplesheet.csv) | 1 of 1 ✔
[29/905d8e] NFC…EQTK_SEQ (2026LY-00023_T1) | 16 of 28
[-        ] NFC…_BIGBACTER:BIGBACTER:FASTP | 0 of 16
[-        ] NFC…:BIGBACTER:FORMAT_ASSEMBLY -
[-        ] NFC…TER:CLUSTER:POPPUNK_ASSIGN -
[-        ] NFC…TER:CLUSTER:POPPUNK_VISUAL -
[-        ] NFC…ER:RESOLVE_MERGED_CLUSTERS -
[-        ] NFC…GBACTER:CORE:SNIPPY_SINGLE -
[-        ] NFC…BIGBACTER:CORE:SNIPPY_CORE -
[-        ] NFC…TER:BIGBACTER:CORE:GUBBINS -
[-        ] NFC…TER:BIGBACTER:CORE:RAPIDNJ -
[-        ] NFC…CTER:BIGBACTER:CORE:IQTREE -
[-        ] NFC…R:BIGBACTER:CORE:SNP_DISTS -
[-        ] NFC…BIGBACTER:CORE:TREE_FIGURE -
[-        ] NFC…ER:BIGBACTER:CORE:DIST_MAT -
[-        ] NFC…CTER:ACCESSORY:FORMAT_DIST -
[-        ] NFC…GBACTER:ACCESSORY:DIST_MAT -
[-        ] NFC…ER:BIGBACTER:SUMMARY_TABLE -
[-        ] NFC…BIGBACTER:COMBINED_SUMMARY -
Plus 3 more processes waiting for tasks…
WARN: Access to undefined parameter `enable_conda` -- Initialise it to a default value eg. `params.enable_conda = some_value`

executor >  local (23)
[3d/878939] NFC…BACTER:BIGBACTER:TIMESTAMP | 1 of 1 ✔
[e5/2a3682] NFC…ET_CHECK (samplesheet.csv) | 1 of 1 ✔
[ee/93c7db] NFC…EQTK_SEQ (2026LY-00036_T1) | 18 of 28
[-        ] NFC…_BIGBACTER:BIGBACTER:FASTP | 0 of 18
[-        ] NFC…:BIGBACTER:FORMAT_ASSEMBLY -
[-        ] NFC…TER:CLUSTER:POPPUNK_ASSIGN -
[-        ] NFC…TER:CLUSTER:POPPUNK_VISUAL -
[-        ] NFC…ER:RESOLVE_MERGED_CLUSTERS -
[-        ] NFC…GBACTER:CORE:SNIPPY_SINGLE -
[-        ] NFC…BIGBACTER:CORE:SNIPPY_CORE -
[-        ] NFC…TER:BIGBACTER:CORE:GUBBINS -
[-        ] NFC…TER:BIGBACTER:CORE:RAPIDNJ -
[-        ] NFC…CTER:BIGBACTER:CORE:IQTREE -
[-        ] NFC…R:BIGBACTER:CORE:SNP_DISTS -
[-        ] NFC…BIGBACTER:CORE:TREE_FIGURE -
[-        ] NFC…ER:BIGBACTER:CORE:DIST_MAT -
[-        ] NFC…CTER:ACCESSORY:FORMAT_DIST -
[-        ] NFC…GBACTER:ACCESSORY:DIST_MAT -
[-        ] NFC…ER:BIGBACTER:SUMMARY_TABLE -
[-        ] NFC…BIGBACTER:COMBINED_SUMMARY -
Plus 3 more processes waiting for tasks…
WARN: Access to undefined parameter `enable_conda` -- Initialise it to a default value eg. `params.enable_conda = some_value`

executor >  local (24)
[3d/878939] NFC…BACTER:BIGBACTER:TIMESTAMP | 1 of 1 ✔
[e5/2a3682] NFC…ET_CHECK (samplesheet.csv) | 1 of 1 ✔
[0b/c2298f] NFC…EQTK_SEQ (2025LY-00194_T1) | 18 of 28
[-        ] NFC…_BIGBACTER:BIGBACTER:FASTP | 0 of 18
[-        ] NFC…:BIGBACTER:FORMAT_ASSEMBLY -
[-        ] NFC…TER:CLUSTER:POPPUNK_ASSIGN -
[-        ] NFC…TER:CLUSTER:POPPUNK_VISUAL -
[-        ] NFC…ER:RESOLVE_MERGED_CLUSTERS -
[-        ] NFC…GBACTER:CORE:SNIPPY_SINGLE -
[-        ] NFC…BIGBACTER:CORE:SNIPPY_CORE -
[-        ] NFC…TER:BIGBACTER:CORE:GUBBINS -
[-        ] NFC…TER:BIGBACTER:CORE:RAPIDNJ -
[-        ] NFC…CTER:BIGBACTER:CORE:IQTREE -
[-        ] NFC…R:BIGBACTER:CORE:SNP_DISTS -
[-        ] NFC…BIGBACTER:CORE:TREE_FIGURE -
[-        ] NFC…ER:BIGBACTER:CORE:DIST_MAT -
[-        ] NFC…CTER:ACCESSORY:FORMAT_DIST -
[-        ] NFC…GBACTER:ACCESSORY:DIST_MAT -
[-        ] NFC…ER:BIGBACTER:SUMMARY_TABLE -
[-        ] NFC…BIGBACTER:COMBINED_SUMMARY -
Plus 3 more processes waiting for tasks…
WARN: Access to undefined parameter `enable_conda` -- Initialise it to a default value eg. `params.enable_conda = some_value`

executor >  local (28)
[3d/878939] NFC…BACTER:BIGBACTER:TIMESTAMP | 1 of 1 ✔
[e5/2a3682] NFC…ET_CHECK (samplesheet.csv) | 1 of 1 ✔
[15/52dbb8] NFC…EQTK_SEQ (2026LY-00130_T1) | 18 of 28
[-        ] NFC…_BIGBACTER:BIGBACTER:FASTP | 0 of 18
[-        ] NFC…:BIGBACTER:FORMAT_ASSEMBLY -
[-        ] NFC…TER:CLUSTER:POPPUNK_ASSIGN -
[-        ] NFC…TER:CLUSTER:POPPUNK_VISUAL -
[-        ] NFC…ER:RESOLVE_MERGED_CLUSTERS -
[-        ] NFC…GBACTER:CORE:SNIPPY_SINGLE -
[-        ] NFC…BIGBACTER:CORE:SNIPPY_CORE -
[-        ] NFC…TER:BIGBACTER:CORE:GUBBINS -
[-        ] NFC…TER:BIGBACTER:CORE:RAPIDNJ -
[-        ] NFC…CTER:BIGBACTER:CORE:IQTREE -
[-        ] NFC…R:BIGBACTER:CORE:SNP_DISTS -
[-        ] NFC…BIGBACTER:CORE:TREE_FIGURE -
[-        ] NFC…ER:BIGBACTER:CORE:DIST_MAT -
[-        ] NFC…CTER:ACCESSORY:FORMAT_DIST -
[-        ] NFC…GBACTER:ACCESSORY:DIST_MAT -
[-        ] NFC…ER:BIGBACTER:SUMMARY_TABLE -
[-        ] NFC…BIGBACTER:COMBINED_SUMMARY -
Plus 3 more processes waiting for tasks…
WARN: Access to undefined parameter `enable_conda` -- Initialise it to a default value eg. `params.enable_conda = some_value`

executor >  local (28)
[3d/878939] NFC…BACTER:BIGBACTER:TIMESTAMP | 1 of 1 ✔
[e5/2a3682] NFC…ET_CHECK (samplesheet.csv) | 1 of 1 ✔
[06/fa6afb] NFC…SEQTK_SEQ (2025LY00108_T1) | 19 of 28
[-        ] NFC…_BIGBACTER:BIGBACTER:FASTP | 0 of 19
[-        ] NFC…:BIGBACTER:FORMAT_ASSEMBLY -
[-        ] NFC…TER:CLUSTER:POPPUNK_ASSIGN -
[-        ] NFC…TER:CLUSTER:POPPUNK_VISUAL -
[-        ] NFC…ER:RESOLVE_MERGED_CLUSTERS -
[-        ] NFC…GBACTER:CORE:SNIPPY_SINGLE -
[-        ] NFC…BIGBACTER:CORE:SNIPPY_CORE -
[-        ] NFC…TER:BIGBACTER:CORE:GUBBINS -
[-        ] NFC…TER:BIGBACTER:CORE:RAPIDNJ -
[-        ] NFC…CTER:BIGBACTER:CORE:IQTREE -
[-        ] NFC…R:BIGBACTER:CORE:SNP_DISTS -
[-        ] NFC…BIGBACTER:CORE:TREE_FIGURE -
[-        ] NFC…ER:BIGBACTER:CORE:DIST_MAT -
[-        ] NFC…CTER:ACCESSORY:FORMAT_DIST -
[-        ] NFC…GBACTER:ACCESSORY:DIST_MAT -
[-        ] NFC…ER:BIGBACTER:SUMMARY_TABLE -
[-        ] NFC…BIGBACTER:COMBINED_SUMMARY -
Plus 3 more processes waiting for tasks…
WARN: Access to undefined parameter `enable_conda` -- Initialise it to a default value eg. `params.enable_conda = some_value`

executor >  local (29)
[3d/878939] NFC…BACTER:BIGBACTER:TIMESTAMP | 1 of 1 ✔
[e5/2a3682] NFC…ET_CHECK (samplesheet.csv) | 1 of 1 ✔
[75/524990] NFC…EQTK_SEQ (2026LY-00069_T1) | 19 of 28
[-        ] NFC…_BIGBACTER:BIGBACTER:FASTP | 0 of 19
[-        ] NFC…:BIGBACTER:FORMAT_ASSEMBLY -
[-        ] NFC…TER:CLUSTER:POPPUNK_ASSIGN -
[-        ] NFC…TER:CLUSTER:POPPUNK_VISUAL -
[-        ] NFC…ER:RESOLVE_MERGED_CLUSTERS -
[-        ] NFC…GBACTER:CORE:SNIPPY_SINGLE -
[-        ] NFC…BIGBACTER:CORE:SNIPPY_CORE -
[-        ] NFC…TER:BIGBACTER:CORE:GUBBINS -
[-        ] NFC…TER:BIGBACTER:CORE:RAPIDNJ -
[-        ] NFC…CTER:BIGBACTER:CORE:IQTREE -
[-        ] NFC…R:BIGBACTER:CORE:SNP_DISTS -
[-        ] NFC…BIGBACTER:CORE:TREE_FIGURE -
[-        ] NFC…ER:BIGBACTER:CORE:DIST_MAT -
[-        ] NFC…CTER:ACCESSORY:FORMAT_DIST -
[-        ] NFC…GBACTER:ACCESSORY:DIST_MAT -
[-        ] NFC…ER:BIGBACTER:SUMMARY_TABLE -
[-        ] NFC…BIGBACTER:COMBINED_SUMMARY -
Plus 3 more processes waiting for tasks…
WARN: Access to undefined parameter `enable_conda` -- Initialise it to a default value eg. `params.enable_conda = some_value`

executor >  local (29)
[3d/878939] NFC…BACTER:BIGBACTER:TIMESTAMP | 1 of 1 ✔
[e5/2a3682] NFC…ET_CHECK (samplesheet.csv) | 1 of 1 ✔
[75/524990] NFC…EQTK_SEQ (2026LY-00069_T1) | 19 of 28
[-        ] NFC…_BIGBACTER:BIGBACTER:FASTP | 0 of 19
[-        ] NFC…:BIGBACTER:FORMAT_ASSEMBLY -
[-        ] NFC…TER:CLUSTER:POPPUNK_ASSIGN -
[-        ] NFC…TER:CLUSTER:POPPUNK_VISUAL -
[-        ] NFC…ER:RESOLVE_MERGED_CLUSTERS -
[-        ] NFC…GBACTER:CORE:SNIPPY_SINGLE -
[-        ] NFC…BIGBACTER:CORE:SNIPPY_CORE -
[-        ] NFC…TER:BIGBACTER:CORE:GUBBINS -
[-        ] NFC…TER:BIGBACTER:CORE:RAPIDNJ -
[-        ] NFC…CTER:BIGBACTER:CORE:IQTREE -
[-        ] NFC…R:BIGBACTER:CORE:SNP_DISTS -
[-        ] NFC…BIGBACTER:CORE:TREE_FIGURE -
[-        ] NFC…ER:BIGBACTER:CORE:DIST_MAT -
[-        ] NFC…CTER:ACCESSORY:FORMAT_DIST -
[-        ] NFC…GBACTER:ACCESSORY:DIST_MAT -
[-        ] NFC…ER:BIGBACTER:SUMMARY_TABLE -
[-        ] NFC…BIGBACTER:COMBINED_SUMMARY -
Plus 3 more processes waiting for tasks…
WARN: Access to undefined parameter `enable_conda` -- Initialise it to a default value eg. `params.enable_conda = some_value`

executor >  local (31)
[3d/878939] NFC…BACTER:BIGBACTER:TIMESTAMP | 1 of 1 ✔
[e5/2a3682] NFC…ET_CHECK (samplesheet.csv) | 1 of 1 ✔
[1f/70d92f] NFC…EQTK_SEQ (2026LY-00129_T1) | 22 of 28
[71/d64860] NFC…TER:FASTP (2025LY00109_T1) | 0 of 21
[-        ] NFC…:BIGBACTER:FORMAT_ASSEMBLY -
[-        ] NFC…TER:CLUSTER:POPPUNK_ASSIGN -
[-        ] NFC…TER:CLUSTER:POPPUNK_VISUAL -
[-        ] NFC…ER:RESOLVE_MERGED_CLUSTERS -
[-        ] NFC…GBACTER:CORE:SNIPPY_SINGLE -
[-        ] NFC…BIGBACTER:CORE:SNIPPY_CORE -
[-        ] NFC…TER:BIGBACTER:CORE:GUBBINS -
[-        ] NFC…TER:BIGBACTER:CORE:RAPIDNJ -
[-        ] NFC…CTER:BIGBACTER:CORE:IQTREE -
[-        ] NFC…R:BIGBACTER:CORE:SNP_DISTS -
[-        ] NFC…BIGBACTER:CORE:TREE_FIGURE -
[-        ] NFC…ER:BIGBACTER:CORE:DIST_MAT -
[-        ] NFC…CTER:ACCESSORY:FORMAT_DIST -
[-        ] NFC…GBACTER:ACCESSORY:DIST_MAT -
[-        ] NFC…ER:BIGBACTER:SUMMARY_TABLE -
[-        ] NFC…BIGBACTER:COMBINED_SUMMARY -
Plus 3 more processes waiting for tasks…
WARN: Access to undefined parameter `enable_conda` -- Initialise it to a default value eg. `params.enable_conda = some_value`

executor >  local (31)
[3d/878939] NFC…BACTER:BIGBACTER:TIMESTAMP | 1 of 1 ✔
[e5/2a3682] NFC…ET_CHECK (samplesheet.csv) | 1 of 1 ✔
[1f/70d92f] NFC…EQTK_SEQ (2026LY-00129_T1) | 22 of 28
[71/d64860] NFC…TER:FASTP (2025LY00109_T1) | 0 of 22
[-        ] NFC…:BIGBACTER:FORMAT_ASSEMBLY -
[-        ] NFC…TER:CLUSTER:POPPUNK_ASSIGN -
[-        ] NFC…TER:CLUSTER:POPPUNK_VISUAL -
[-        ] NFC…ER:RESOLVE_MERGED_CLUSTERS -
[-        ] NFC…GBACTER:CORE:SNIPPY_SINGLE -
[-        ] NFC…BIGBACTER:CORE:SNIPPY_CORE -
[-        ] NFC…TER:BIGBACTER:CORE:GUBBINS -
[-        ] NFC…TER:BIGBACTER:CORE:RAPIDNJ -
[-        ] NFC…CTER:BIGBACTER:CORE:IQTREE -
[-        ] NFC…R:BIGBACTER:CORE:SNP_DISTS -
[-        ] NFC…BIGBACTER:CORE:TREE_FIGURE -
[-        ] NFC…ER:BIGBACTER:CORE:DIST_MAT -
[-        ] NFC…CTER:ACCESSORY:FORMAT_DIST -
[-        ] NFC…GBACTER:ACCESSORY:DIST_MAT -
[-        ] NFC…ER:BIGBACTER:SUMMARY_TABLE -
[-        ] NFC…BIGBACTER:COMBINED_SUMMARY -
Plus 3 more processes waiting for tasks…
WARN: Access to undefined parameter `enable_conda` -- Initialise it to a default value eg. `params.enable_conda = some_value`

executor >  local (31)
[3d/878939] NFC…BACTER:BIGBACTER:TIMESTAMP | 1 of 1 ✔
[e5/2a3682] NFC…ET_CHECK (samplesheet.csv) | 1 of 1 ✔
[d0/bd1e59] NFC…EQTK_SEQ (2026LY-00082_T1) | 23 of 28
[71/d64860] NFC…TER:FASTP (2025LY00109_T1) | 0 of 23
[-        ] NFC…:BIGBACTER:FORMAT_ASSEMBLY -
[-        ] NFC…TER:CLUSTER:POPPUNK_ASSIGN -
[-        ] NFC…TER:CLUSTER:POPPUNK_VISUAL -
[-        ] NFC…ER:RESOLVE_MERGED_CLUSTERS -
[-        ] NFC…GBACTER:CORE:SNIPPY_SINGLE -
[-        ] NFC…BIGBACTER:CORE:SNIPPY_CORE -
[-        ] NFC…TER:BIGBACTER:CORE:GUBBINS -
[-        ] NFC…TER:BIGBACTER:CORE:RAPIDNJ -
[-        ] NFC…CTER:BIGBACTER:CORE:IQTREE -
[-        ] NFC…R:BIGBACTER:CORE:SNP_DISTS -
[-        ] NFC…BIGBACTER:CORE:TREE_FIGURE -
[-        ] NFC…ER:BIGBACTER:CORE:DIST_MAT -
[-        ] NFC…CTER:ACCESSORY:FORMAT_DIST -
[-        ] NFC…GBACTER:ACCESSORY:DIST_MAT -
[-        ] NFC…ER:BIGBACTER:SUMMARY_TABLE -
[-        ] NFC…BIGBACTER:COMBINED_SUMMARY -
Plus 3 more processes waiting for tasks…
WARN: Access to undefined parameter `enable_conda` -- Initialise it to a default value eg. `params.enable_conda = some_value`

executor >  local (32)
[3d/878939] NFC…BACTER:BIGBACTER:TIMESTAMP | 1 of 1 ✔
[e5/2a3682] NFC…ET_CHECK (samplesheet.csv) | 1 of 1 ✔
[d0/bd1e59] NFC…EQTK_SEQ (2026LY-00082_T1) | 23 of 28
[91/5a51ae] NFC…TER:FASTP (2025LY00094_T1) | 0 of 24
[-        ] NFC…:BIGBACTER:FORMAT_ASSEMBLY -
[-        ] NFC…TER:CLUSTER:POPPUNK_ASSIGN -
[-        ] NFC…TER:CLUSTER:POPPUNK_VISUAL -
[-        ] NFC…ER:RESOLVE_MERGED_CLUSTERS -
[-        ] NFC…GBACTER:CORE:SNIPPY_SINGLE -
[-        ] NFC…BIGBACTER:CORE:SNIPPY_CORE -
[-        ] NFC…TER:BIGBACTER:CORE:GUBBINS -
[-        ] NFC…TER:BIGBACTER:CORE:RAPIDNJ -
[-        ] NFC…CTER:BIGBACTER:CORE:IQTREE -
[-        ] NFC…R:BIGBACTER:CORE:SNP_DISTS -
[-        ] NFC…BIGBACTER:CORE:TREE_FIGURE -
[-        ] NFC…ER:BIGBACTER:CORE:DIST_MAT -
[-        ] NFC…CTER:ACCESSORY:FORMAT_DIST -
[-        ] NFC…GBACTER:ACCESSORY:DIST_MAT -
[-        ] NFC…ER:BIGBACTER:SUMMARY_TABLE -
[-        ] NFC…BIGBACTER:COMBINED_SUMMARY -
Plus 3 more processes waiting for tasks…
WARN: Access to undefined parameter `enable_conda` -- Initialise it to a default value eg. `params.enable_conda = some_value`

executor >  local (32)
[3d/878939] NFC…BACTER:BIGBACTER:TIMESTAMP | 1 of 1 ✔
[e5/2a3682] NFC…ET_CHECK (samplesheet.csv) | 1 of 1 ✔
[09/132a82] NFC…SEQTK_SEQ (2025LY00093_T1) | 24 of 28
[91/5a51ae] NFC…TER:FASTP (2025LY00094_T1) | 0 of 24
[-        ] NFC…:BIGBACTER:FORMAT_ASSEMBLY -
[-        ] NFC…TER:CLUSTER:POPPUNK_ASSIGN -
[-        ] NFC…TER:CLUSTER:POPPUNK_VISUAL -
[-        ] NFC…ER:RESOLVE_MERGED_CLUSTERS -
[-        ] NFC…GBACTER:CORE:SNIPPY_SINGLE -
[-        ] NFC…BIGBACTER:CORE:SNIPPY_CORE -
[-        ] NFC…TER:BIGBACTER:CORE:GUBBINS -
[-        ] NFC…TER:BIGBACTER:CORE:RAPIDNJ -
[-        ] NFC…CTER:BIGBACTER:CORE:IQTREE -
[-        ] NFC…R:BIGBACTER:CORE:SNP_DISTS -
[-        ] NFC…BIGBACTER:CORE:TREE_FIGURE -
[-        ] NFC…ER:BIGBACTER:CORE:DIST_MAT -
[-        ] NFC…CTER:ACCESSORY:FORMAT_DIST -
[-        ] NFC…GBACTER:ACCESSORY:DIST_MAT -
[-        ] NFC…ER:BIGBACTER:SUMMARY_TABLE -
[-        ] NFC…BIGBACTER:COMBINED_SUMMARY -
Plus 3 more processes waiting for tasks…
WARN: Access to undefined parameter `enable_conda` -- Initialise it to a default value eg. `params.enable_conda = some_value`

executor >  local (33)
[3d/878939] NFC…BACTER:BIGBACTER:TIMESTAMP | 1 of 1 ✔
[e5/2a3682] NFC…ET_CHECK (samplesheet.csv) | 1 of 1 ✔
[0b/c2298f] NFC…EQTK_SEQ (2025LY-00194_T1) | 25 of 28
[d6/c489a2] NFC…ER:FASTP (2025LY-00122_T1) | 1 of 25
[-        ] NFC…:BIGBACTER:FORMAT_ASSEMBLY | 0 of 1
[-        ] NFC…TER:CLUSTER:POPPUNK_ASSIGN -
[-        ] NFC…TER:CLUSTER:POPPUNK_VISUAL -
[-        ] NFC…ER:RESOLVE_MERGED_CLUSTERS -
[-        ] NFC…GBACTER:CORE:SNIPPY_SINGLE -
[-        ] NFC…BIGBACTER:CORE:SNIPPY_CORE -
[-        ] NFC…TER:BIGBACTER:CORE:GUBBINS -
[-        ] NFC…TER:BIGBACTER:CORE:RAPIDNJ -
[-        ] NFC…CTER:BIGBACTER:CORE:IQTREE -
[-        ] NFC…R:BIGBACTER:CORE:SNP_DISTS -
[-        ] NFC…BIGBACTER:CORE:TREE_FIGURE -
[-        ] NFC…ER:BIGBACTER:CORE:DIST_MAT -
[-        ] NFC…CTER:ACCESSORY:FORMAT_DIST -
[-        ] NFC…GBACTER:ACCESSORY:DIST_MAT -
[-        ] NFC…ER:BIGBACTER:SUMMARY_TABLE -
[-        ] NFC…BIGBACTER:COMBINED_SUMMARY -
Plus 3 more processes waiting for tasks…
WARN: Access to undefined parameter `enable_conda` -- Initialise it to a default value eg. `params.enable_conda = some_value`

executor >  local (33)
[3d/878939] NFC…BACTER:BIGBACTER:TIMESTAMP | 1 of 1 ✔
[e5/2a3682] NFC…ET_CHECK (samplesheet.csv) | 1 of 1 ✔
[0b/c2298f] NFC…EQTK_SEQ (2025LY-00194_T1) | 25 of 28
[d6/c489a2] NFC…ER:FASTP (2025LY-00122_T1) | 1 of 25
[-        ] NFC…:BIGBACTER:FORMAT_ASSEMBLY | 0 of 1
[-        ] NFC…TER:CLUSTER:POPPUNK_ASSIGN -
[-        ] NFC…TER:CLUSTER:POPPUNK_VISUAL -
[-        ] NFC…ER:RESOLVE_MERGED_CLUSTERS -
[-        ] NFC…GBACTER:CORE:SNIPPY_SINGLE -
[-        ] NFC…BIGBACTER:CORE:SNIPPY_CORE -
[-        ] NFC…TER:BIGBACTER:CORE:GUBBINS -
[-        ] NFC…TER:BIGBACTER:CORE:RAPIDNJ -
[-        ] NFC…CTER:BIGBACTER:CORE:IQTREE -
[-        ] NFC…R:BIGBACTER:CORE:SNP_DISTS -
[-        ] NFC…BIGBACTER:CORE:TREE_FIGURE -
[-        ] NFC…ER:BIGBACTER:CORE:DIST_MAT -
[-        ] NFC…CTER:ACCESSORY:FORMAT_DIST -
[-        ] NFC…GBACTER:ACCESSORY:DIST_MAT -
[-        ] NFC…ER:BIGBACTER:SUMMARY_TABLE -
[-        ] NFC…BIGBACTER:COMBINED_SUMMARY -
Plus 3 more processes waiting for tasks…
WARN: Access to undefined parameter `enable_conda` -- Initialise it to a default value eg. `params.enable_conda = some_value`

executor >  local (34)
[3d/878939] NFC…BACTER:BIGBACTER:TIMESTAMP | 1 of 1 ✔
[e5/2a3682] NFC…ET_CHECK (samplesheet.csv) | 1 of 1 ✔
[0b/c2298f] NFC…EQTK_SEQ (2025LY-00194_T1) | 25 of 28
[93/f5c7bf] NFC…ER:FASTP (2025LY-00129_T1) | 1 of 26
[-        ] NFC…:BIGBACTER:FORMAT_ASSEMBLY | 0 of 1
[-        ] NFC…TER:CLUSTER:POPPUNK_ASSIGN -
[-        ] NFC…TER:CLUSTER:POPPUNK_VISUAL -
[-        ] NFC…ER:RESOLVE_MERGED_CLUSTERS -
[-        ] NFC…GBACTER:CORE:SNIPPY_SINGLE -
[-        ] NFC…BIGBACTER:CORE:SNIPPY_CORE -
[-        ] NFC…TER:BIGBACTER:CORE:GUBBINS -
[-        ] NFC…TER:BIGBACTER:CORE:RAPIDNJ -
[-        ] NFC…CTER:BIGBACTER:CORE:IQTREE -
[-        ] NFC…R:BIGBACTER:CORE:SNP_DISTS -
[-        ] NFC…BIGBACTER:CORE:TREE_FIGURE -
[-        ] NFC…ER:BIGBACTER:CORE:DIST_MAT -
[-        ] NFC…CTER:ACCESSORY:FORMAT_DIST -
[-        ] NFC…GBACTER:ACCESSORY:DIST_MAT -
[-        ] NFC…ER:BIGBACTER:SUMMARY_TABLE -
[-        ] NFC…BIGBACTER:COMBINED_SUMMARY -
Plus 3 more processes waiting for tasks…
WARN: Access to undefined parameter `enable_conda` -- Initialise it to a default value eg. `params.enable_conda = some_value`

executor >  local (34)
[3d/878939] NFC…BACTER:BIGBACTER:TIMESTAMP | 1 of 1 ✔
[e5/2a3682] NFC…ET_CHECK (samplesheet.csv) | 1 of 1 ✔
[29/905d8e] NFC…EQTK_SEQ (2026LY-00023_T1) | 26 of 28
[93/f5c7bf] NFC…ER:FASTP (2025LY-00129_T1) | 1 of 26
[-        ] NFC…:BIGBACTER:FORMAT_ASSEMBLY | 0 of 1
[-        ] NFC…TER:CLUSTER:POPPUNK_ASSIGN -
[-        ] NFC…TER:CLUSTER:POPPUNK_VISUAL -
[-        ] NFC…ER:RESOLVE_MERGED_CLUSTERS -
[-        ] NFC…GBACTER:CORE:SNIPPY_SINGLE -
[-        ] NFC…BIGBACTER:CORE:SNIPPY_CORE -
[-        ] NFC…TER:BIGBACTER:CORE:GUBBINS -
[-        ] NFC…TER:BIGBACTER:CORE:RAPIDNJ -
[-        ] NFC…CTER:BIGBACTER:CORE:IQTREE -
[-        ] NFC…R:BIGBACTER:CORE:SNP_DISTS -
[-        ] NFC…BIGBACTER:CORE:TREE_FIGURE -
[-        ] NFC…ER:BIGBACTER:CORE:DIST_MAT -
[-        ] NFC…CTER:ACCESSORY:FORMAT_DIST -
[-        ] NFC…GBACTER:ACCESSORY:DIST_MAT -
[-        ] NFC…ER:BIGBACTER:SUMMARY_TABLE -
[-        ] NFC…BIGBACTER:COMBINED_SUMMARY -
Plus 3 more processes waiting for tasks…
WARN: Access to undefined parameter `enable_conda` -- Initialise it to a default value eg. `params.enable_conda = some_value`

executor >  local (35)
[3d/878939] NFC…BACTER:BIGBACTER:TIMESTAMP | 1 of 1 ✔
[e5/2a3682] NFC…ET_CHECK (samplesheet.csv) | 1 of 1 ✔
[29/905d8e] NFC…EQTK_SEQ (2026LY-00023_T1) | 26 of 28
[93/f5c7bf] NFC…ER:FASTP (2025LY-00129_T1) | 1 of 27
[6b/affb30] NFC…_ASSEMBLY (2025LY00109_T1) | 0 of 1
[-        ] NFC…TER:CLUSTER:POPPUNK_ASSIGN -
[-        ] NFC…TER:CLUSTER:POPPUNK_VISUAL -
[-        ] NFC…ER:RESOLVE_MERGED_CLUSTERS -
[-        ] NFC…GBACTER:CORE:SNIPPY_SINGLE -
[-        ] NFC…BIGBACTER:CORE:SNIPPY_CORE -
[-        ] NFC…TER:BIGBACTER:CORE:GUBBINS -
[-        ] NFC…TER:BIGBACTER:CORE:RAPIDNJ -
[-        ] NFC…CTER:BIGBACTER:CORE:IQTREE -
[-        ] NFC…R:BIGBACTER:CORE:SNP_DISTS -
[-        ] NFC…BIGBACTER:CORE:TREE_FIGURE -
[-        ] NFC…ER:BIGBACTER:CORE:DIST_MAT -
[-        ] NFC…CTER:ACCESSORY:FORMAT_DIST -
[-        ] NFC…GBACTER:ACCESSORY:DIST_MAT -
[-        ] NFC…ER:BIGBACTER:SUMMARY_TABLE -
[-        ] NFC…BIGBACTER:COMBINED_SUMMARY -
Plus 3 more processes waiting for tasks…
WARN: Access to undefined parameter `enable_conda` -- Initialise it to a default value eg. `params.enable_conda = some_value`

executor >  local (35)
[3d/878939] NFC…BACTER:BIGBACTER:TIMESTAMP | 1 of 1 ✔
[e5/2a3682] NFC…ET_CHECK (samplesheet.csv) | 1 of 1 ✔
[e3/ceb245] NFC…EQTK_SEQ (2026LY-00019_T1) | 27 of 28
[93/f5c7bf] NFC…ER:FASTP (2025LY-00129_T1) | 1 of 27
[6b/affb30] NFC…_ASSEMBLY (2025LY00109_T1) | 0 of 1
[-        ] NFC…TER:CLUSTER:POPPUNK_ASSIGN -
[-        ] NFC…TER:CLUSTER:POPPUNK_VISUAL -
[-        ] NFC…ER:RESOLVE_MERGED_CLUSTERS -
[-        ] NFC…GBACTER:CORE:SNIPPY_SINGLE -
[-        ] NFC…BIGBACTER:CORE:SNIPPY_CORE -
[-        ] NFC…TER:BIGBACTER:CORE:GUBBINS -
[-        ] NFC…TER:BIGBACTER:CORE:RAPIDNJ -
[-        ] NFC…CTER:BIGBACTER:CORE:IQTREE -
[-        ] NFC…R:BIGBACTER:CORE:SNP_DISTS -
[-        ] NFC…BIGBACTER:CORE:TREE_FIGURE -
[-        ] NFC…ER:BIGBACTER:CORE:DIST_MAT -
[-        ] NFC…CTER:ACCESSORY:FORMAT_DIST -
[-        ] NFC…GBACTER:ACCESSORY:DIST_MAT -
[-        ] NFC…ER:BIGBACTER:SUMMARY_TABLE -
[-        ] NFC…BIGBACTER:COMBINED_SUMMARY -
Plus 3 more processes waiting for tasks…
WARN: Access to undefined parameter `enable_conda` -- Initialise it to a default value eg. `params.enable_conda = some_value`

executor >  local (35)
[3d/878939] NFC…BACTER:BIGBACTER:TIMESTAMP | 1 of 1 ✔
[e5/2a3682] NFC…ET_CHECK (samplesheet.csv) | 1 of 1 ✔
[e3/ceb245] NFC…EQTK_SEQ (2026LY-00019_T1) | 27 of 28
[93/f5c7bf] NFC…ER:FASTP (2025LY-00129_T1) | 1 of 27
[6b/affb30] NFC…_ASSEMBLY (2025LY00109_T1) | 1 of 1
[-        ] NFC…TER:CLUSTER:POPPUNK_ASSIGN -
[-        ] NFC…TER:CLUSTER:POPPUNK_VISUAL -
[-        ] NFC…ER:RESOLVE_MERGED_CLUSTERS -
[-        ] NFC…GBACTER:CORE:SNIPPY_SINGLE -
[-        ] NFC…BIGBACTER:CORE:SNIPPY_CORE -
[-        ] NFC…TER:BIGBACTER:CORE:GUBBINS -
[-        ] NFC…TER:BIGBACTER:CORE:RAPIDNJ -
[-        ] NFC…CTER:BIGBACTER:CORE:IQTREE -
[-        ] NFC…R:BIGBACTER:CORE:SNP_DISTS -
[-        ] NFC…BIGBACTER:CORE:TREE_FIGURE -
[-        ] NFC…ER:BIGBACTER:CORE:DIST_MAT -
[-        ] NFC…CTER:ACCESSORY:FORMAT_DIST -
[-        ] NFC…GBACTER:ACCESSORY:DIST_MAT -
[-        ] NFC…ER:BIGBACTER:SUMMARY_TABLE -
[-        ] NFC…BIGBACTER:COMBINED_SUMMARY -
Plus 3 more processes waiting for tasks…
WARN: Access to undefined parameter `enable_conda` -- Initialise it to a default value eg. `params.enable_conda = some_value`

executor >  local (36)
[3d/878939] NFC…BACTER:BIGBACTER:TIMESTAMP | 1 of 1 ✔
[e5/2a3682] NFC…ET_CHECK (samplesheet.csv) | 1 of 1 ✔
[e3/ceb245] NFC…EQTK_SEQ (2026LY-00019_T1) | 27 of 28 ✔
[a5/313b58] NFC…TER:FASTP (2025LY00106_T1) | 1 of 28
[6b/affb30] NFC…_ASSEMBLY (2025LY00109_T1) | 1 of 1
[-        ] NFC…TER:CLUSTER:POPPUNK_ASSIGN -
[-        ] NFC…TER:CLUSTER:POPPUNK_VISUAL -
[-        ] NFC…ER:RESOLVE_MERGED_CLUSTERS -
[-        ] NFC…GBACTER:CORE:SNIPPY_SINGLE -
[-        ] NFC…BIGBACTER:CORE:SNIPPY_CORE -
[-        ] NFC…TER:BIGBACTER:CORE:GUBBINS -
[-        ] NFC…TER:BIGBACTER:CORE:RAPIDNJ -
[-        ] NFC…CTER:BIGBACTER:CORE:IQTREE -
[-        ] NFC…R:BIGBACTER:CORE:SNP_DISTS -
[-        ] NFC…BIGBACTER:CORE:TREE_FIGURE -
[-        ] NFC…ER:BIGBACTER:CORE:DIST_MAT -
[-        ] NFC…CTER:ACCESSORY:FORMAT_DIST -
[-        ] NFC…GBACTER:ACCESSORY:DIST_MAT -
[-        ] NFC…ER:BIGBACTER:SUMMARY_TABLE -
[-        ] NFC…BIGBACTER:COMBINED_SUMMARY -
Plus 3 more processes waiting for tasks…
WARN: Access to undefined parameter `enable_conda` -- Initialise it to a default value eg. `params.enable_conda = some_value`

executor >  local (37)
[3d/878939] NFC…BACTER:BIGBACTER:TIMESTAMP | 1 of 1 ✔
[e5/2a3682] NFC…ET_CHECK (samplesheet.csv) | 1 of 1 ✔
[e3/ceb245] NFC…EQTK_SEQ (2026LY-00019_T1) | 27 of 28 ✔
[91/5a51ae] NFC…TER:FASTP (2025LY00094_T1) | 2 of 28
[6b/affb30] NFC…_ASSEMBLY (2025LY00109_T1) | 1 of 2
[-        ] NFC…TER:CLUSTER:POPPUNK_ASSIGN -
[-        ] NFC…TER:CLUSTER:POPPUNK_VISUAL -
[-        ] NFC…ER:RESOLVE_MERGED_CLUSTERS -
[-        ] NFC…GBACTER:CORE:SNIPPY_SINGLE -
[-        ] NFC…BIGBACTER:CORE:SNIPPY_CORE -
[-        ] NFC…TER:BIGBACTER:CORE:GUBBINS -
[-        ] NFC…TER:BIGBACTER:CORE:RAPIDNJ -
[-        ] NFC…CTER:BIGBACTER:CORE:IQTREE -
[-        ] NFC…R:BIGBACTER:CORE:SNP_DISTS -
[-        ] NFC…BIGBACTER:CORE:TREE_FIGURE -
[-        ] NFC…ER:BIGBACTER:CORE:DIST_MAT -
[-        ] NFC…CTER:ACCESSORY:FORMAT_DIST -
[-        ] NFC…GBACTER:ACCESSORY:DIST_MAT -
[-        ] NFC…ER:BIGBACTER:SUMMARY_TABLE -
[-        ] NFC…BIGBACTER:COMBINED_SUMMARY -
Plus 3 more processes waiting for tasks…
WARN: Access to undefined parameter `enable_conda` -- Initialise it to a default value eg. `params.enable_conda = some_value`

executor >  local (37)
[3d/878939] NFC…BACTER:BIGBACTER:TIMESTAMP | 1 of 1 ✔
[e5/2a3682] NFC…ET_CHECK (samplesheet.csv) | 1 of 1 ✔
[75/524990] NFC…EQTK_SEQ (2026LY-00069_T1) | 28 of 28 ✔
[91/5a51ae] NFC…TER:FASTP (2025LY00094_T1) | 2 of 28
[6b/affb30] NFC…_ASSEMBLY (2025LY00109_T1) | 1 of 2
[-        ] NFC…TER:CLUSTER:POPPUNK_ASSIGN -
[-        ] NFC…TER:CLUSTER:POPPUNK_VISUAL -
[-        ] NFC…ER:RESOLVE_MERGED_CLUSTERS -
[-        ] NFC…GBACTER:CORE:SNIPPY_SINGLE -
[-        ] NFC…BIGBACTER:CORE:SNIPPY_CORE -
[-        ] NFC…TER:BIGBACTER:CORE:GUBBINS -
[-        ] NFC…TER:BIGBACTER:CORE:RAPIDNJ -
[-        ] NFC…CTER:BIGBACTER:CORE:IQTREE -
[-        ] NFC…R:BIGBACTER:CORE:SNP_DISTS -
[-        ] NFC…BIGBACTER:CORE:TREE_FIGURE -
[-        ] NFC…ER:BIGBACTER:CORE:DIST_MAT -
[-        ] NFC…CTER:ACCESSORY:FORMAT_DIST -
[-        ] NFC…GBACTER:ACCESSORY:DIST_MAT -
[-        ] NFC…ER:BIGBACTER:SUMMARY_TABLE -
[-        ] NFC…BIGBACTER:COMBINED_SUMMARY -
Plus 3 more processes waiting for tasks…
WARN: Access to undefined parameter `enable_conda` -- Initialise it to a default value eg. `params.enable_conda = some_value`

executor >  local (38)
[3d/878939] NFC…BACTER:BIGBACTER:TIMESTAMP | 1 of 1 ✔
[e5/2a3682] NFC…ET_CHECK (samplesheet.csv) | 1 of 1 ✔
[75/524990] NFC…EQTK_SEQ (2026LY-00069_T1) | 28 of 28 ✔
[d6/c489a2] NFC…ER:FASTP (2025LY-00122_T1) | 3 of 28
[6b/affb30] NFC…_ASSEMBLY (2025LY00109_T1) | 1 of 3
[-        ] NFC…TER:CLUSTER:POPPUNK_ASSIGN -
[-        ] NFC…TER:CLUSTER:POPPUNK_VISUAL -
[-        ] NFC…ER:RESOLVE_MERGED_CLUSTERS -
[-        ] NFC…GBACTER:CORE:SNIPPY_SINGLE -
[-        ] NFC…BIGBACTER:CORE:SNIPPY_CORE -
[-        ] NFC…TER:BIGBACTER:CORE:GUBBINS -
[-        ] NFC…TER:BIGBACTER:CORE:RAPIDNJ -
[-        ] NFC…CTER:BIGBACTER:CORE:IQTREE -
[-        ] NFC…R:BIGBACTER:CORE:SNP_DISTS -
[-        ] NFC…BIGBACTER:CORE:TREE_FIGURE -
[-        ] NFC…ER:BIGBACTER:CORE:DIST_MAT -
[-        ] NFC…CTER:ACCESSORY:FORMAT_DIST -
[-        ] NFC…GBACTER:ACCESSORY:DIST_MAT -
[-        ] NFC…ER:BIGBACTER:SUMMARY_TABLE -
[-        ] NFC…BIGBACTER:COMBINED_SUMMARY -
Plus 3 more processes waiting for tasks…
WARN: Access to undefined parameter `enable_conda` -- Initialise it to a default value eg. `params.enable_conda = some_value`

executor >  local (39)
[3d/878939] NFC…BACTER:BIGBACTER:TIMESTAMP | 1 of 1 ✔
[e5/2a3682] NFC…ET_CHECK (samplesheet.csv) | 1 of 1 ✔
[75/524990] NFC…EQTK_SEQ (2026LY-00069_T1) | 28 of 28 ✔
[04/f9ba53] NFC…ER:FASTP (2025LY-00204_T1) | 4 of 28
[6b/affb30] NFC…_ASSEMBLY (2025LY00109_T1) | 1 of 4
[-        ] NFC…TER:CLUSTER:POPPUNK_ASSIGN -
[-        ] NFC…TER:CLUSTER:POPPUNK_VISUAL -
[-        ] NFC…ER:RESOLVE_MERGED_CLUSTERS -
[-        ] NFC…GBACTER:CORE:SNIPPY_SINGLE -
[-        ] NFC…BIGBACTER:CORE:SNIPPY_CORE -
[-        ] NFC…TER:BIGBACTER:CORE:GUBBINS -
[-        ] NFC…TER:BIGBACTER:CORE:RAPIDNJ -
[-        ] NFC…CTER:BIGBACTER:CORE:IQTREE -
[-        ] NFC…R:BIGBACTER:CORE:SNP_DISTS -
[-        ] NFC…BIGBACTER:CORE:TREE_FIGURE -
[-        ] NFC…ER:BIGBACTER:CORE:DIST_MAT -
[-        ] NFC…CTER:ACCESSORY:FORMAT_DIST -
[-        ] NFC…GBACTER:ACCESSORY:DIST_MAT -
[-        ] NFC…ER:BIGBACTER:SUMMARY_TABLE -
[-        ] NFC…BIGBACTER:COMBINED_SUMMARY -
Plus 3 more processes waiting for tasks…
WARN: Access to undefined parameter `enable_conda` -- Initialise it to a default value eg. `params.enable_conda = some_value`

executor >  local (39)
[3d/878939] NFC…BACTER:BIGBACTER:TIMESTAMP | 1 of 1 ✔
[e5/2a3682] NFC…ET_CHECK (samplesheet.csv) | 1 of 1 ✔
[75/524990] NFC…EQTK_SEQ (2026LY-00069_T1) | 28 of 28 ✔
[04/f9ba53] NFC…ER:FASTP (2025LY-00204_T1) | 4 of 28
[6b/affb30] NFC…_ASSEMBLY (2025LY00109_T1) | 1 of 4
[-        ] NFC…TER:CLUSTER:POPPUNK_ASSIGN -
[-        ] NFC…TER:CLUSTER:POPPUNK_VISUAL -
[-        ] NFC…ER:RESOLVE_MERGED_CLUSTERS -
[-        ] NFC…GBACTER:CORE:SNIPPY_SINGLE -
[-        ] NFC…BIGBACTER:CORE:SNIPPY_CORE -
[-        ] NFC…TER:BIGBACTER:CORE:GUBBINS -
[-        ] NFC…TER:BIGBACTER:CORE:RAPIDNJ -
[-        ] NFC…CTER:BIGBACTER:CORE:IQTREE -
[-        ] NFC…R:BIGBACTER:CORE:SNP_DISTS -
[-        ] NFC…BIGBACTER:CORE:TREE_FIGURE -
[-        ] NFC…ER:BIGBACTER:CORE:DIST_MAT -
[-        ] NFC…CTER:ACCESSORY:FORMAT_DIST -
[-        ] NFC…GBACTER:ACCESSORY:DIST_MAT -
[-        ] NFC…ER:BIGBACTER:SUMMARY_TABLE -
[-        ] NFC…BIGBACTER:COMBINED_SUMMARY -
Plus 3 more processes waiting for tasks…
WARN: Access to undefined parameter `enable_conda` -- Initialise it to a default value eg. `params.enable_conda = some_value`

executor >  local (40)
[3d/878939] NFC…BACTER:BIGBACTER:TIMESTAMP | 1 of 1 ✔
[e5/2a3682] NFC…ET_CHECK (samplesheet.csv) | 1 of 1 ✔
[75/524990] NFC…EQTK_SEQ (2026LY-00069_T1) | 28 of 28 ✔
[f2/4285a6] NFC…ER:FASTP (2025LY-00121_T1) | 5 of 28
[6b/affb30] NFC…_ASSEMBLY (2025LY00109_T1) | 1 of 4
[-        ] NFC…TER:CLUSTER:POPPUNK_ASSIGN -
[-        ] NFC…TER:CLUSTER:POPPUNK_VISUAL -
[-        ] NFC…ER:RESOLVE_MERGED_CLUSTERS -
[-        ] NFC…GBACTER:CORE:SNIPPY_SINGLE -
[-        ] NFC…BIGBACTER:CORE:SNIPPY_CORE -
[-        ] NFC…TER:BIGBACTER:CORE:GUBBINS -
[-        ] NFC…TER:BIGBACTER:CORE:RAPIDNJ -
[-        ] NFC…CTER:BIGBACTER:CORE:IQTREE -
[-        ] NFC…R:BIGBACTER:CORE:SNP_DISTS -
[-        ] NFC…BIGBACTER:CORE:TREE_FIGURE -
[-        ] NFC…ER:BIGBACTER:CORE:DIST_MAT -
[-        ] NFC…CTER:ACCESSORY:FORMAT_DIST -
[-        ] NFC…GBACTER:ACCESSORY:DIST_MAT -
[-        ] NFC…ER:BIGBACTER:SUMMARY_TABLE -
[-        ] NFC…BIGBACTER:COMBINED_SUMMARY -
Plus 3 more processes waiting for tasks…
WARN: Access to undefined parameter `enable_conda` -- Initialise it to a default value eg. `params.enable_conda = some_value`

executor >  local (40)
[3d/878939] NFC…BACTER:BIGBACTER:TIMESTAMP | 1 of 1 ✔
[e5/2a3682] NFC…ET_CHECK (samplesheet.csv) | 1 of 1 ✔
[75/524990] NFC…EQTK_SEQ (2026LY-00069_T1) | 28 of 28 ✔
[f2/4285a6] NFC…ER:FASTP (2025LY-00121_T1) | 5 of 28
[6b/affb30] NFC…_ASSEMBLY (2025LY00109_T1) | 1 of 5
[-        ] NFC…TER:CLUSTER:POPPUNK_ASSIGN -
[-        ] NFC…TER:CLUSTER:POPPUNK_VISUAL -
[-        ] NFC…ER:RESOLVE_MERGED_CLUSTERS -
[-        ] NFC…GBACTER:CORE:SNIPPY_SINGLE -
[-        ] NFC…BIGBACTER:CORE:SNIPPY_CORE -
[-        ] NFC…TER:BIGBACTER:CORE:GUBBINS -
[-        ] NFC…TER:BIGBACTER:CORE:RAPIDNJ -
[-        ] NFC…CTER:BIGBACTER:CORE:IQTREE -
[-        ] NFC…R:BIGBACTER:CORE:SNP_DISTS -
[-        ] NFC…BIGBACTER:CORE:TREE_FIGURE -
[-        ] NFC…ER:BIGBACTER:CORE:DIST_MAT -
[-        ] NFC…CTER:ACCESSORY:FORMAT_DIST -
[-        ] NFC…GBACTER:ACCESSORY:DIST_MAT -
[-        ] NFC…ER:BIGBACTER:SUMMARY_TABLE -
[-        ] NFC…BIGBACTER:COMBINED_SUMMARY -
Plus 3 more processes waiting for tasks…
WARN: Access to undefined parameter `enable_conda` -- Initialise it to a default value eg. `params.enable_conda = some_value`

executor >  local (41)
[3d/878939] NFC…BACTER:BIGBACTER:TIMESTAMP | 1 of 1 ✔
[e5/2a3682] NFC…ET_CHECK (samplesheet.csv) | 1 of 1 ✔
[75/524990] NFC…EQTK_SEQ (2026LY-00069_T1) | 28 of 28 ✔
[6a/8ec939] NFC…ER:FASTP (2025LY-00188_T1) | 6 of 28
[6b/affb30] NFC…_ASSEMBLY (2025LY00109_T1) | 1 of 6
[-        ] NFC…TER:CLUSTER:POPPUNK_ASSIGN -
[-        ] NFC…TER:CLUSTER:POPPUNK_VISUAL -
[-        ] NFC…ER:RESOLVE_MERGED_CLUSTERS -
[-        ] NFC…GBACTER:CORE:SNIPPY_SINGLE -
[-        ] NFC…BIGBACTER:CORE:SNIPPY_CORE -
[-        ] NFC…TER:BIGBACTER:CORE:GUBBINS -
[-        ] NFC…TER:BIGBACTER:CORE:RAPIDNJ -
[-        ] NFC…CTER:BIGBACTER:CORE:IQTREE -
[-        ] NFC…R:BIGBACTER:CORE:SNP_DISTS -
[-        ] NFC…BIGBACTER:CORE:TREE_FIGURE -
[-        ] NFC…ER:BIGBACTER:CORE:DIST_MAT -
[-        ] NFC…CTER:ACCESSORY:FORMAT_DIST -
[-        ] NFC…GBACTER:ACCESSORY:DIST_MAT -
[-        ] NFC…ER:BIGBACTER:SUMMARY_TABLE -
[-        ] NFC…BIGBACTER:COMBINED_SUMMARY -
Plus 3 more processes waiting for tasks…
WARN: Access to undefined parameter `enable_conda` -- Initialise it to a default value eg. `params.enable_conda = some_value`

executor >  local (41)
[3d/878939] NFC…BACTER:BIGBACTER:TIMESTAMP | 1 of 1 ✔
[e5/2a3682] NFC…ET_CHECK (samplesheet.csv) | 1 of 1 ✔
[75/524990] NFC…EQTK_SEQ (2026LY-00069_T1) | 28 of 28 ✔
[6a/8ec939] NFC…ER:FASTP (2025LY-00188_T1) | 6 of 28
[6b/affb30] NFC…_ASSEMBLY (2025LY00109_T1) | 1 of 6
[-        ] NFC…TER:CLUSTER:POPPUNK_ASSIGN -
[-        ] NFC…TER:CLUSTER:POPPUNK_VISUAL -
[-        ] NFC…ER:RESOLVE_MERGED_CLUSTERS -
[-        ] NFC…GBACTER:CORE:SNIPPY_SINGLE -
[-        ] NFC…BIGBACTER:CORE:SNIPPY_CORE -
[-        ] NFC…TER:BIGBACTER:CORE:GUBBINS -
[-        ] NFC…TER:BIGBACTER:CORE:RAPIDNJ -
[-        ] NFC…CTER:BIGBACTER:CORE:IQTREE -
[-        ] NFC…R:BIGBACTER:CORE:SNP_DISTS -
[-        ] NFC…BIGBACTER:CORE:TREE_FIGURE -
[-        ] NFC…ER:BIGBACTER:CORE:DIST_MAT -
[-        ] NFC…CTER:ACCESSORY:FORMAT_DIST -
[-        ] NFC…GBACTER:ACCESSORY:DIST_MAT -
[-        ] NFC…ER:BIGBACTER:SUMMARY_TABLE -
[-        ] NFC…BIGBACTER:COMBINED_SUMMARY -
Plus 3 more processes waiting for tasks…
WARN: Access to undefined parameter `enable_conda` -- Initialise it to a default value eg. `params.enable_conda = some_value`

executor >  local (42)
[3d/878939] NFC…BACTER:BIGBACTER:TIMESTAMP | 1 of 1 ✔
[e5/2a3682] NFC…ET_CHECK (samplesheet.csv) | 1 of 1 ✔
[75/524990] NFC…EQTK_SEQ (2026LY-00069_T1) | 28 of 28 ✔
[48/6aa813] NFC…TER:FASTP (2025LY00107_T1) | 7 of 28
[6b/affb30] NFC…_ASSEMBLY (2025LY00109_T1) | 1 of 7
[-        ] NFC…TER:CLUSTER:POPPUNK_ASSIGN -
[-        ] NFC…TER:CLUSTER:POPPUNK_VISUAL -
[-        ] NFC…ER:RESOLVE_MERGED_CLUSTERS -
[-        ] NFC…GBACTER:CORE:SNIPPY_SINGLE -
[-        ] NFC…BIGBACTER:CORE:SNIPPY_CORE -
[-        ] NFC…TER:BIGBACTER:CORE:GUBBINS -
[-        ] NFC…TER:BIGBACTER:CORE:RAPIDNJ -
[-        ] NFC…CTER:BIGBACTER:CORE:IQTREE -
[-        ] NFC…R:BIGBACTER:CORE:SNP_DISTS -
[-        ] NFC…BIGBACTER:CORE:TREE_FIGURE -
[-        ] NFC…ER:BIGBACTER:CORE:DIST_MAT -
[-        ] NFC…CTER:ACCESSORY:FORMAT_DIST -
[-        ] NFC…GBACTER:ACCESSORY:DIST_MAT -
[-        ] NFC…ER:BIGBACTER:SUMMARY_TABLE -
[-        ] NFC…BIGBACTER:COMBINED_SUMMARY -
Plus 3 more processes waiting for tasks…
WARN: Access to undefined parameter `enable_conda` -- Initialise it to a default value eg. `params.enable_conda = some_value`

executor >  local (42)
[3d/878939] NFC…BACTER:BIGBACTER:TIMESTAMP | 1 of 1 ✔
[e5/2a3682] NFC…ET_CHECK (samplesheet.csv) | 1 of 1 ✔
[75/524990] NFC…EQTK_SEQ (2026LY-00069_T1) | 28 of 28 ✔
[48/6aa813] NFC…TER:FASTP (2025LY00107_T1) | 7 of 28
[6b/affb30] NFC…_ASSEMBLY (2025LY00109_T1) | 1 of 7
[-        ] NFC…TER:CLUSTER:POPPUNK_ASSIGN -
[-        ] NFC…TER:CLUSTER:POPPUNK_VISUAL -
[-        ] NFC…ER:RESOLVE_MERGED_CLUSTERS -
[-        ] NFC…GBACTER:CORE:SNIPPY_SINGLE -
[-        ] NFC…BIGBACTER:CORE:SNIPPY_CORE -
[-        ] NFC…TER:BIGBACTER:CORE:GUBBINS -
[-        ] NFC…TER:BIGBACTER:CORE:RAPIDNJ -
[-        ] NFC…CTER:BIGBACTER:CORE:IQTREE -
[-        ] NFC…R:BIGBACTER:CORE:SNP_DISTS -
[-        ] NFC…BIGBACTER:CORE:TREE_FIGURE -
[-        ] NFC…ER:BIGBACTER:CORE:DIST_MAT -
[-        ] NFC…CTER:ACCESSORY:FORMAT_DIST -
[-        ] NFC…GBACTER:ACCESSORY:DIST_MAT -
[-        ] NFC…ER:BIGBACTER:SUMMARY_TABLE -
[-        ] NFC…BIGBACTER:COMBINED_SUMMARY -
Plus 3 more processes waiting for tasks…
WARN: Access to undefined parameter `enable_conda` -- Initialise it to a default value eg. `params.enable_conda = some_value`

executor >  local (43)
[3d/878939] NFC…BACTER:BIGBACTER:TIMESTAMP | 1 of 1 ✔
[e5/2a3682] NFC…ET_CHECK (samplesheet.csv) | 1 of 1 ✔
[75/524990] NFC…EQTK_SEQ (2026LY-00069_T1) | 28 of 28 ✔
[95/ee8d97] NFC…ER:FASTP (2025LY-00187_T1) | 8 of 28
[6b/affb30] NFC…_ASSEMBLY (2025LY00109_T1) | 1 of 8
[-        ] NFC…TER:CLUSTER:POPPUNK_ASSIGN -
[-        ] NFC…TER:CLUSTER:POPPUNK_VISUAL -
[-        ] NFC…ER:RESOLVE_MERGED_CLUSTERS -
[-        ] NFC…GBACTER:CORE:SNIPPY_SINGLE -
[-        ] NFC…BIGBACTER:CORE:SNIPPY_CORE -
[-        ] NFC…TER:BIGBACTER:CORE:GUBBINS -
[-        ] NFC…TER:BIGBACTER:CORE:RAPIDNJ -
[-        ] NFC…CTER:BIGBACTER:CORE:IQTREE -
[-        ] NFC…R:BIGBACTER:CORE:SNP_DISTS -
[-        ] NFC…BIGBACTER:CORE:TREE_FIGURE -
[-        ] NFC…ER:BIGBACTER:CORE:DIST_MAT -
[-        ] NFC…CTER:ACCESSORY:FORMAT_DIST -
[-        ] NFC…GBACTER:ACCESSORY:DIST_MAT -
[-        ] NFC…ER:BIGBACTER:SUMMARY_TABLE -
[-        ] NFC…BIGBACTER:COMBINED_SUMMARY -
Plus 3 more processes waiting for tasks…
WARN: Access to undefined parameter `enable_conda` -- Initialise it to a default value eg. `params.enable_conda = some_value`

executor >  local (43)
[3d/878939] NFC…BACTER:BIGBACTER:TIMESTAMP | 1 of 1 ✔
[e5/2a3682] NFC…ET_CHECK (samplesheet.csv) | 1 of 1 ✔
[75/524990] NFC…EQTK_SEQ (2026LY-00069_T1) | 28 of 28 ✔
[95/ee8d97] NFC…ER:FASTP (2025LY-00187_T1) | 8 of 28
[6b/affb30] NFC…_ASSEMBLY (2025LY00109_T1) | 1 of 8
[-        ] NFC…TER:CLUSTER:POPPUNK_ASSIGN -
[-        ] NFC…TER:CLUSTER:POPPUNK_VISUAL -
[-        ] NFC…ER:RESOLVE_MERGED_CLUSTERS -
[-        ] NFC…GBACTER:CORE:SNIPPY_SINGLE -
[-        ] NFC…BIGBACTER:CORE:SNIPPY_CORE -
[-        ] NFC…TER:BIGBACTER:CORE:GUBBINS -
[-        ] NFC…TER:BIGBACTER:CORE:RAPIDNJ -
[-        ] NFC…CTER:BIGBACTER:CORE:IQTREE -
[-        ] NFC…R:BIGBACTER:CORE:SNP_DISTS -
[-        ] NFC…BIGBACTER:CORE:TREE_FIGURE -
[-        ] NFC…ER:BIGBACTER:CORE:DIST_MAT -
[-        ] NFC…CTER:ACCESSORY:FORMAT_DIST -
[-        ] NFC…GBACTER:ACCESSORY:DIST_MAT -
[-        ] NFC…ER:BIGBACTER:SUMMARY_TABLE -
[-        ] NFC…BIGBACTER:COMBINED_SUMMARY -
Plus 3 more processes waiting for tasks…
WARN: Access to undefined parameter `enable_conda` -- Initialise it to a default value eg. `params.enable_conda = some_value`

executor >  local (44)
[3d/878939] NFC…BACTER:BIGBACTER:TIMESTAMP | 1 of 1 ✔
[e5/2a3682] NFC…ET_CHECK (samplesheet.csv) | 1 of 1 ✔
[75/524990] NFC…EQTK_SEQ (2026LY-00069_T1) | 28 of 28 ✔
[04/f9ba53] NFC…ER:FASTP (2025LY-00204_T1) | 9 of 28
[6b/affb30] NFC…_ASSEMBLY (2025LY00109_T1) | 1 of 9
[-        ] NFC…TER:CLUSTER:POPPUNK_ASSIGN -
[-        ] NFC…TER:CLUSTER:POPPUNK_VISUAL -
[-        ] NFC…ER:RESOLVE_MERGED_CLUSTERS -
[-        ] NFC…GBACTER:CORE:SNIPPY_SINGLE -
[-        ] NFC…BIGBACTER:CORE:SNIPPY_CORE -
[-        ] NFC…TER:BIGBACTER:CORE:GUBBINS -
[-        ] NFC…TER:BIGBACTER:CORE:RAPIDNJ -
[-        ] NFC…CTER:BIGBACTER:CORE:IQTREE -
[-        ] NFC…R:BIGBACTER:CORE:SNP_DISTS -
[-        ] NFC…BIGBACTER:CORE:TREE_FIGURE -
[-        ] NFC…ER:BIGBACTER:CORE:DIST_MAT -
[-        ] NFC…CTER:ACCESSORY:FORMAT_DIST -
[-        ] NFC…GBACTER:ACCESSORY:DIST_MAT -
[-        ] NFC…ER:BIGBACTER:SUMMARY_TABLE -
[-        ] NFC…BIGBACTER:COMBINED_SUMMARY -
Plus 3 more processes waiting for tasks…
WARN: Access to undefined parameter `enable_conda` -- Initialise it to a default value eg. `params.enable_conda = some_value`

executor >  local (45)
[3d/878939] NFC…BACTER:BIGBACTER:TIMESTAMP | 1 of 1 ✔
[e5/2a3682] NFC…ET_CHECK (samplesheet.csv) | 1 of 1 ✔
[75/524990] NFC…EQTK_SEQ (2026LY-00069_T1) | 28 of 28 ✔
[d2/34462f] NFC…ER:FASTP (2025LY-00212_T1) | 10 of 28
[6b/affb30] NFC…_ASSEMBLY (2025LY00109_T1) | 1 of 10
[-        ] NFC…TER:CLUSTER:POPPUNK_ASSIGN -
[-        ] NFC…TER:CLUSTER:POPPUNK_VISUAL -
[-        ] NFC…ER:RESOLVE_MERGED_CLUSTERS -
[-        ] NFC…GBACTER:CORE:SNIPPY_SINGLE -
[-        ] NFC…BIGBACTER:CORE:SNIPPY_CORE -
[-        ] NFC…TER:BIGBACTER:CORE:GUBBINS -
[-        ] NFC…TER:BIGBACTER:CORE:RAPIDNJ -
[-        ] NFC…CTER:BIGBACTER:CORE:IQTREE -
[-        ] NFC…R:BIGBACTER:CORE:SNP_DISTS -
[-        ] NFC…BIGBACTER:CORE:TREE_FIGURE -
[-        ] NFC…ER:BIGBACTER:CORE:DIST_MAT -
[-        ] NFC…CTER:ACCESSORY:FORMAT_DIST -
[-        ] NFC…GBACTER:ACCESSORY:DIST_MAT -
[-        ] NFC…ER:BIGBACTER:SUMMARY_TABLE -
[-        ] NFC…BIGBACTER:COMBINED_SUMMARY -
Plus 3 more processes waiting for tasks…
WARN: Access to undefined parameter `enable_conda` -- Initialise it to a default value eg. `params.enable_conda = some_value`

executor >  local (45)
[3d/878939] NFC…BACTER:BIGBACTER:TIMESTAMP | 1 of 1 ✔
[e5/2a3682] NFC…ET_CHECK (samplesheet.csv) | 1 of 1 ✔
[75/524990] NFC…EQTK_SEQ (2026LY-00069_T1) | 28 of 28 ✔
[d2/34462f] NFC…ER:FASTP (2025LY-00212_T1) | 10 of 28
[6b/affb30] NFC…_ASSEMBLY (2025LY00109_T1) | 1 of 10
[-        ] NFC…TER:CLUSTER:POPPUNK_ASSIGN -
[-        ] NFC…TER:CLUSTER:POPPUNK_VISUAL -
[-        ] NFC…ER:RESOLVE_MERGED_CLUSTERS -
[-        ] NFC…GBACTER:CORE:SNIPPY_SINGLE -
[-        ] NFC…BIGBACTER:CORE:SNIPPY_CORE -
[-        ] NFC…TER:BIGBACTER:CORE:GUBBINS -
[-        ] NFC…TER:BIGBACTER:CORE:RAPIDNJ -
[-        ] NFC…CTER:BIGBACTER:CORE:IQTREE -
[-        ] NFC…R:BIGBACTER:CORE:SNP_DISTS -
[-        ] NFC…BIGBACTER:CORE:TREE_FIGURE -
[-        ] NFC…ER:BIGBACTER:CORE:DIST_MAT -
[-        ] NFC…CTER:ACCESSORY:FORMAT_DIST -
[-        ] NFC…GBACTER:ACCESSORY:DIST_MAT -
[-        ] NFC…ER:BIGBACTER:SUMMARY_TABLE -
[-        ] NFC…BIGBACTER:COMBINED_SUMMARY -
Plus 3 more processes waiting for tasks…
WARN: Access to undefined parameter `enable_conda` -- Initialise it to a default value eg. `params.enable_conda = some_value`

executor >  local (46)
[3d/878939] NFC…BACTER:BIGBACTER:TIMESTAMP | 1 of 1 ✔
[e5/2a3682] NFC…ET_CHECK (samplesheet.csv) | 1 of 1 ✔
[75/524990] NFC…EQTK_SEQ (2026LY-00069_T1) | 28 of 28 ✔
[6a/8ec939] NFC…ER:FASTP (2025LY-00188_T1) | 11 of 28
[6b/affb30] NFC…_ASSEMBLY (2025LY00109_T1) | 1 of 11
[-        ] NFC…TER:CLUSTER:POPPUNK_ASSIGN -
[-        ] NFC…TER:CLUSTER:POPPUNK_VISUAL -
[-        ] NFC…ER:RESOLVE_MERGED_CLUSTERS -
[-        ] NFC…GBACTER:CORE:SNIPPY_SINGLE -
[-        ] NFC…BIGBACTER:CORE:SNIPPY_CORE -
[-        ] NFC…TER:BIGBACTER:CORE:GUBBINS -
[-        ] NFC…TER:BIGBACTER:CORE:RAPIDNJ -
[-        ] NFC…CTER:BIGBACTER:CORE:IQTREE -
[-        ] NFC…R:BIGBACTER:CORE:SNP_DISTS -
[-        ] NFC…BIGBACTER:CORE:TREE_FIGURE -
[-        ] NFC…ER:BIGBACTER:CORE:DIST_MAT -
[-        ] NFC…CTER:ACCESSORY:FORMAT_DIST -
[-        ] NFC…GBACTER:ACCESSORY:DIST_MAT -
[-        ] NFC…ER:BIGBACTER:SUMMARY_TABLE -
[-        ] NFC…BIGBACTER:COMBINED_SUMMARY -
Plus 3 more processes waiting for tasks…
WARN: Access to undefined parameter `enable_conda` -- Initialise it to a default value eg. `params.enable_conda = some_value`

executor >  local (47)
[3d/878939] NFC…BACTER:BIGBACTER:TIMESTAMP | 1 of 1 ✔
[e5/2a3682] NFC…ET_CHECK (samplesheet.csv) | 1 of 1 ✔
[75/524990] NFC…EQTK_SEQ (2026LY-00069_T1) | 28 of 28 ✔
[0d/33f9b6] NFC…TER:FASTP (2025LY00111_T1) | 12 of 28
[6b/affb30] NFC…_ASSEMBLY (2025LY00109_T1) | 1 of 11
[-        ] NFC…TER:CLUSTER:POPPUNK_ASSIGN -
[-        ] NFC…TER:CLUSTER:POPPUNK_VISUAL -
[-        ] NFC…ER:RESOLVE_MERGED_CLUSTERS -
[-        ] NFC…GBACTER:CORE:SNIPPY_SINGLE -
[-        ] NFC…BIGBACTER:CORE:SNIPPY_CORE -
[-        ] NFC…TER:BIGBACTER:CORE:GUBBINS -
[-        ] NFC…TER:BIGBACTER:CORE:RAPIDNJ -
[-        ] NFC…CTER:BIGBACTER:CORE:IQTREE -
[-        ] NFC…R:BIGBACTER:CORE:SNP_DISTS -
[-        ] NFC…BIGBACTER:CORE:TREE_FIGURE -
[-        ] NFC…ER:BIGBACTER:CORE:DIST_MAT -
[-        ] NFC…CTER:ACCESSORY:FORMAT_DIST -
[-        ] NFC…GBACTER:ACCESSORY:DIST_MAT -
[-        ] NFC…ER:BIGBACTER:SUMMARY_TABLE -
[-        ] NFC…BIGBACTER:COMBINED_SUMMARY -
Plus 3 more processes waiting for tasks…
WARN: Access to undefined parameter `enable_conda` -- Initialise it to a default value eg. `params.enable_conda = some_value`

executor >  local (47)
[3d/878939] NFC…BACTER:BIGBACTER:TIMESTAMP | 1 of 1 ✔
[e5/2a3682] NFC…ET_CHECK (samplesheet.csv) | 1 of 1 ✔
[75/524990] NFC…EQTK_SEQ (2026LY-00069_T1) | 28 of 28 ✔
[0d/33f9b6] NFC…TER:FASTP (2025LY00111_T1) | 12 of 28
[6b/affb30] NFC…_ASSEMBLY (2025LY00109_T1) | 1 of 12
[-        ] NFC…TER:CLUSTER:POPPUNK_ASSIGN -
[-        ] NFC…TER:CLUSTER:POPPUNK_VISUAL -
[-        ] NFC…ER:RESOLVE_MERGED_CLUSTERS -
[-        ] NFC…GBACTER:CORE:SNIPPY_SINGLE -
[-        ] NFC…BIGBACTER:CORE:SNIPPY_CORE -
[-        ] NFC…TER:BIGBACTER:CORE:GUBBINS -
[-        ] NFC…TER:BIGBACTER:CORE:RAPIDNJ -
[-        ] NFC…CTER:BIGBACTER:CORE:IQTREE -
[-        ] NFC…R:BIGBACTER:CORE:SNP_DISTS -
[-        ] NFC…BIGBACTER:CORE:TREE_FIGURE -
[-        ] NFC…ER:BIGBACTER:CORE:DIST_MAT -
[-        ] NFC…CTER:ACCESSORY:FORMAT_DIST -
[-        ] NFC…GBACTER:ACCESSORY:DIST_MAT -
[-        ] NFC…ER:BIGBACTER:SUMMARY_TABLE -
[-        ] NFC…BIGBACTER:COMBINED_SUMMARY -
Plus 3 more processes waiting for tasks…
WARN: Access to undefined parameter `enable_conda` -- Initialise it to a default value eg. `params.enable_conda = some_value`

executor >  local (49)
[3d/878939] NFC…BACTER:BIGBACTER:TIMESTAMP | 1 of 1 ✔
[e5/2a3682] NFC…ET_CHECK (samplesheet.csv) | 1 of 1 ✔
[75/524990] NFC…EQTK_SEQ (2026LY-00069_T1) | 28 of 28 ✔
[3b/e93455] NFC…ER:FASTP (2026LY-00036_T1) | 14 of 28
[6b/affb30] NFC…_ASSEMBLY (2025LY00109_T1) | 1 of 14
[-        ] NFC…TER:CLUSTER:POPPUNK_ASSIGN -
[-        ] NFC…TER:CLUSTER:POPPUNK_VISUAL -
[-        ] NFC…ER:RESOLVE_MERGED_CLUSTERS -
[-        ] NFC…GBACTER:CORE:SNIPPY_SINGLE -
[-        ] NFC…BIGBACTER:CORE:SNIPPY_CORE -
[-        ] NFC…TER:BIGBACTER:CORE:GUBBINS -
[-        ] NFC…TER:BIGBACTER:CORE:RAPIDNJ -
[-        ] NFC…CTER:BIGBACTER:CORE:IQTREE -
[-        ] NFC…R:BIGBACTER:CORE:SNP_DISTS -
[-        ] NFC…BIGBACTER:CORE:TREE_FIGURE -
[-        ] NFC…ER:BIGBACTER:CORE:DIST_MAT -
[-        ] NFC…CTER:ACCESSORY:FORMAT_DIST -
[-        ] NFC…GBACTER:ACCESSORY:DIST_MAT -
[-        ] NFC…ER:BIGBACTER:SUMMARY_TABLE -
[-        ] NFC…BIGBACTER:COMBINED_SUMMARY -
Plus 3 more processes waiting for tasks…


executor >  local (49)
[3d/878939] NFC…BACTER:BIGBACTER:TIMESTAMP | 1 of 1 ✔
[e5/2a3682] NFC…ET_CHECK (samplesheet.csv) | 1 of 1 ✔
[75/524990] NFC…EQTK_SEQ (2026LY-00069_T1) | 28 of 28 ✔
[3b/e93455] NFC…ER:FASTP (2026LY-00036_T1) | 14 of 28
[6b/affb30] NFC…_ASSEMBLY (2025LY00109_T1) | 1 of 14
[-        ] NFC…TER:CLUSTER:POPPUNK_ASSIGN -
[-        ] NFC…TER:CLUSTER:POPPUNK_VISUAL -
[-        ] NFC…ER:RESOLVE_MERGED_CLUSTERS -
[-        ] NFC…GBACTER:CORE:SNIPPY_SINGLE -
[-        ] NFC…BIGBACTER:CORE:SNIPPY_CORE -
[-        ] NFC…TER:BIGBACTER:CORE:GUBBINS -
[-        ] NFC…TER:BIGBACTER:CORE:RAPIDNJ -
[-        ] NFC…CTER:BIGBACTER:CORE:IQTREE -
[-        ] NFC…R:BIGBACTER:CORE:SNP_DISTS -
[-        ] NFC…BIGBACTER:CORE:TREE_FIGURE -
[-        ] NFC…ER:BIGBACTER:CORE:DIST_MAT -
[-        ] NFC…CTER:ACCESSORY:FORMAT_DIST -
[-        ] NFC…GBACTER:ACCESSORY:DIST_MAT -
[-        ] NFC…ER:BIGBACTER:SUMMARY_TABLE -
[-        ] NFC…BIGBACTER:COMBINED_SUMMARY -
Plus 3 more processes waiting for tasks…


executor >  local (50)
[3d/878939] NFC…BACTER:BIGBACTER:TIMESTAMP | 1 of 1 ✔
[e5/2a3682] NFC…ET_CHECK (samplesheet.csv) | 1 of 1 ✔
[75/524990] NFC…EQTK_SEQ (2026LY-00069_T1) | 28 of 28 ✔
[a0/61361a] NFC…TER:FASTP (2025LY00108_T1) | 15 of 28
[6b/affb30] NFC…_ASSEMBLY (2025LY00109_T1) | 1 of 15
[-        ] NFC…TER:CLUSTER:POPPUNK_ASSIGN -
[-        ] NFC…TER:CLUSTER:POPPUNK_VISUAL -
[-        ] NFC…ER:RESOLVE_MERGED_CLUSTERS -
[-        ] NFC…GBACTER:CORE:SNIPPY_SINGLE -
[-        ] NFC…BIGBACTER:CORE:SNIPPY_CORE -
[-        ] NFC…TER:BIGBACTER:CORE:GUBBINS -
[-        ] NFC…TER:BIGBACTER:CORE:RAPIDNJ -
[-        ] NFC…CTER:BIGBACTER:CORE:IQTREE -
[-        ] NFC…R:BIGBACTER:CORE:SNP_DISTS -
[-        ] NFC…BIGBACTER:CORE:TREE_FIGURE -
[-        ] NFC…ER:BIGBACTER:CORE:DIST_MAT -
[-        ] NFC…CTER:ACCESSORY:FORMAT_DIST -
[-        ] NFC…GBACTER:ACCESSORY:DIST_MAT -
[-        ] NFC…ER:BIGBACTER:SUMMARY_TABLE -
[-        ] NFC…BIGBACTER:COMBINED_SUMMARY -
Plus 3 more processes waiting for tasks…

executor >  local (50)
[3d/878939] NFC…BACTER:BIGBACTER:TIMESTAMP | 1 of 1 ✔
[e5/2a3682] NFC…ET_CHECK (samplesheet.csv) | 1 of 1 ✔
[75/524990] NFC…EQTK_SEQ (2026LY-00069_T1) | 28 of 28 ✔
[a0/61361a] NFC…TER:FASTP (2025LY00108_T1) | 15 of 28
[6b/affb30] NFC…_ASSEMBLY (2025LY00109_T1) | 1 of 15
[-        ] NFC…TER:CLUSTER:POPPUNK_ASSIGN -
[-        ] NFC…TER:CLUSTER:POPPUNK_VISUAL -
[-        ] NFC…ER:RESOLVE_MERGED_CLUSTERS -
[-        ] NFC…GBACTER:CORE:SNIPPY_SINGLE -
[-        ] NFC…BIGBACTER:CORE:SNIPPY_CORE -
[-        ] NFC…TER:BIGBACTER:CORE:GUBBINS -
[-        ] NFC…TER:BIGBACTER:CORE:RAPIDNJ -
[-        ] NFC…CTER:BIGBACTER:CORE:IQTREE -
[-        ] NFC…R:BIGBACTER:CORE:SNP_DISTS -
[-        ] NFC…BIGBACTER:CORE:TREE_FIGURE -
[-        ] NFC…ER:BIGBACTER:CORE:DIST_MAT -
[-        ] NFC…CTER:ACCESSORY:FORMAT_DIST -
[-        ] NFC…GBACTER:ACCESSORY:DIST_MAT -
[-        ] NFC…ER:BIGBACTER:SUMMARY_TABLE -
[-        ] NFC…BIGBACTER:COMBINED_SUMMARY -
Plus 3 more processes waiting for tasks…

executor >  local (51)
[3d/878939] NFC…BACTER:BIGBACTER:TIMESTAMP | 1 of 1 ✔
[e5/2a3682] NFC…ET_CHECK (samplesheet.csv) | 1 of 1 ✔
[75/524990] NFC…EQTK_SEQ (2026LY-00069_T1) | 28 of 28 ✔
[6b/2648a5] NFC…ER:FASTP (2026LY-00018_T1) | 16 of 28
[6b/affb30] NFC…_ASSEMBLY (2025LY00109_T1) | 1 of 15
[-        ] NFC…TER:CLUSTER:POPPUNK_ASSIGN -
[-        ] NFC…TER:CLUSTER:POPPUNK_VISUAL -
[-        ] NFC…ER:RESOLVE_MERGED_CLUSTERS -
[-        ] NFC…GBACTER:CORE:SNIPPY_SINGLE -
[-        ] NFC…BIGBACTER:CORE:SNIPPY_CORE -
[-        ] NFC…TER:BIGBACTER:CORE:GUBBINS -
[-        ] NFC…TER:BIGBACTER:CORE:RAPIDNJ -
[-        ] NFC…CTER:BIGBACTER:CORE:IQTREE -
[-        ] NFC…R:BIGBACTER:CORE:SNP_DISTS -
[-        ] NFC…BIGBACTER:CORE:TREE_FIGURE -
[-        ] NFC…ER:BIGBACTER:CORE:DIST_MAT -
[-        ] NFC…CTER:ACCESSORY:FORMAT_DIST -
[-        ] NFC…GBACTER:ACCESSORY:DIST_MAT -
[-        ] NFC…ER:BIGBACTER:SUMMARY_TABLE -
[-        ] NFC…BIGBACTER:COMBINED_SUMMARY -
Plus 3 more processes waiting for tasks…

executor >  local (51)
[3d/878939] NFC…BACTER:BIGBACTER:TIMESTAMP | 1 of 1 ✔
[e5/2a3682] NFC…ET_CHECK (samplesheet.csv) | 1 of 1 ✔
[75/524990] NFC…EQTK_SEQ (2026LY-00069_T1) | 28 of 28 ✔
[6b/2648a5] NFC…ER:FASTP (2026LY-00018_T1) | 16 of 28
[6b/affb30] NFC…_ASSEMBLY (2025LY00109_T1) | 1 of 16
[-        ] NFC…TER:CLUSTER:POPPUNK_ASSIGN -
[-        ] NFC…TER:CLUSTER:POPPUNK_VISUAL -
[-        ] NFC…ER:RESOLVE_MERGED_CLUSTERS -
[-        ] NFC…GBACTER:CORE:SNIPPY_SINGLE -
[-        ] NFC…BIGBACTER:CORE:SNIPPY_CORE -
[-        ] NFC…TER:BIGBACTER:CORE:GUBBINS -
[-        ] NFC…TER:BIGBACTER:CORE:RAPIDNJ -
[-        ] NFC…CTER:BIGBACTER:CORE:IQTREE -
[-        ] NFC…R:BIGBACTER:CORE:SNP_DISTS -
[-        ] NFC…BIGBACTER:CORE:TREE_FIGURE -
[-        ] NFC…ER:BIGBACTER:CORE:DIST_MAT -
[-        ] NFC…CTER:ACCESSORY:FORMAT_DIST -
[-        ] NFC…GBACTER:ACCESSORY:DIST_MAT -
[-        ] NFC…ER:BIGBACTER:SUMMARY_TABLE -
[-        ] NFC…BIGBACTER:COMBINED_SUMMARY -
Plus 3 more processes waiting for tasks…

executor >  local (52)
[3d/878939] NFC…BACTER:BIGBACTER:TIMESTAMP | 1 of 1 ✔
[e5/2a3682] NFC…ET_CHECK (samplesheet.csv) | 1 of 1 ✔
[75/524990] NFC…EQTK_SEQ (2026LY-00069_T1) | 28 of 28 ✔
[b8/1db982] NFC…ER:FASTP (2026LY-00130_T1) | 17 of 28
[6b/affb30] NFC…_ASSEMBLY (2025LY00109_T1) | 1 of 17
[-        ] NFC…TER:CLUSTER:POPPUNK_ASSIGN -
[-        ] NFC…TER:CLUSTER:POPPUNK_VISUAL -
[-        ] NFC…ER:RESOLVE_MERGED_CLUSTERS -
[-        ] NFC…GBACTER:CORE:SNIPPY_SINGLE -
[-        ] NFC…BIGBACTER:CORE:SNIPPY_CORE -
[-        ] NFC…TER:BIGBACTER:CORE:GUBBINS -
[-        ] NFC…TER:BIGBACTER:CORE:RAPIDNJ -
[-        ] NFC…CTER:BIGBACTER:CORE:IQTREE -
[-        ] NFC…R:BIGBACTER:CORE:SNP_DISTS -
[-        ] NFC…BIGBACTER:CORE:TREE_FIGURE -
[-        ] NFC…ER:BIGBACTER:CORE:DIST_MAT -
[-        ] NFC…CTER:ACCESSORY:FORMAT_DIST -
[-        ] NFC…GBACTER:ACCESSORY:DIST_MAT -
[-        ] NFC…ER:BIGBACTER:SUMMARY_TABLE -
[-        ] NFC…BIGBACTER:COMBINED_SUMMARY -
Plus 3 more processes waiting for tasks…

executor >  local (53)
[3d/878939] NFC…BACTER:BIGBACTER:TIMESTAMP | 1 of 1 ✔
[e5/2a3682] NFC…ET_CHECK (samplesheet.csv) | 1 of 1 ✔
[75/524990] NFC…EQTK_SEQ (2026LY-00069_T1) | 28 of 28 ✔
[47/372057] NFC…ER:FASTP (2026LY-00070_T1) | 18 of 28
[6b/affb30] NFC…_ASSEMBLY (2025LY00109_T1) | 1 of 18
[-        ] NFC…TER:CLUSTER:POPPUNK_ASSIGN -
[-        ] NFC…TER:CLUSTER:POPPUNK_VISUAL -
[-        ] NFC…ER:RESOLVE_MERGED_CLUSTERS -
[-        ] NFC…GBACTER:CORE:SNIPPY_SINGLE -
[-        ] NFC…BIGBACTER:CORE:SNIPPY_CORE -
[-        ] NFC…TER:BIGBACTER:CORE:GUBBINS -
[-        ] NFC…TER:BIGBACTER:CORE:RAPIDNJ -
[-        ] NFC…CTER:BIGBACTER:CORE:IQTREE -
[-        ] NFC…R:BIGBACTER:CORE:SNP_DISTS -
[-        ] NFC…BIGBACTER:CORE:TREE_FIGURE -
[-        ] NFC…ER:BIGBACTER:CORE:DIST_MAT -
[-        ] NFC…CTER:ACCESSORY:FORMAT_DIST -
[-        ] NFC…GBACTER:ACCESSORY:DIST_MAT -
[-        ] NFC…ER:BIGBACTER:SUMMARY_TABLE -
[-        ] NFC…BIGBACTER:COMBINED_SUMMARY -
Plus 3 more processes waiting for tasks…

executor >  local (54)
[3d/878939] NFC…BACTER:BIGBACTER:TIMESTAMP | 1 of 1 ✔
[e5/2a3682] NFC…ET_CHECK (samplesheet.csv) | 1 of 1 ✔
[75/524990] NFC…EQTK_SEQ (2026LY-00069_T1) | 28 of 28 ✔
[93/d437a3] NFC…ER:FASTP (2026LY-00082_T1) | 19 of 28
[6b/affb30] NFC…_ASSEMBLY (2025LY00109_T1) | 1 of 19
[-        ] NFC…TER:CLUSTER:POPPUNK_ASSIGN -
[-        ] NFC…TER:CLUSTER:POPPUNK_VISUAL -
[-        ] NFC…ER:RESOLVE_MERGED_CLUSTERS -
[-        ] NFC…GBACTER:CORE:SNIPPY_SINGLE -
[-        ] NFC…BIGBACTER:CORE:SNIPPY_CORE -
[-        ] NFC…TER:BIGBACTER:CORE:GUBBINS -
[-        ] NFC…TER:BIGBACTER:CORE:RAPIDNJ -
[-        ] NFC…CTER:BIGBACTER:CORE:IQTREE -
[-        ] NFC…R:BIGBACTER:CORE:SNP_DISTS -
[-        ] NFC…BIGBACTER:CORE:TREE_FIGURE -
[-        ] NFC…ER:BIGBACTER:CORE:DIST_MAT -
[-        ] NFC…CTER:ACCESSORY:FORMAT_DIST -
[-        ] NFC…GBACTER:ACCESSORY:DIST_MAT -
[-        ] NFC…ER:BIGBACTER:SUMMARY_TABLE -
[-        ] NFC…BIGBACTER:COMBINED_SUMMARY -
Plus 3 more processes waiting for tasks…

executor >  local (55)
[3d/878939] NFC…BACTER:BIGBACTER:TIMESTAMP | 1 of 1 ✔
[e5/2a3682] NFC…ET_CHECK (samplesheet.csv) | 1 of 1 ✔
[75/524990] NFC…EQTK_SEQ (2026LY-00069_T1) | 28 of 28 ✔
[90/43c153] NFC…TER:FASTP (2025LY00093_T1) | 20 of 28
[6b/affb30] NFC…_ASSEMBLY (2025LY00109_T1) | 1 of 20
[-        ] NFC…TER:CLUSTER:POPPUNK_ASSIGN -
[-        ] NFC…TER:CLUSTER:POPPUNK_VISUAL -
[-        ] NFC…ER:RESOLVE_MERGED_CLUSTERS -
[-        ] NFC…GBACTER:CORE:SNIPPY_SINGLE -
[-        ] NFC…BIGBACTER:CORE:SNIPPY_CORE -
[-        ] NFC…TER:BIGBACTER:CORE:GUBBINS -
[-        ] NFC…TER:BIGBACTER:CORE:RAPIDNJ -
[-        ] NFC…CTER:BIGBACTER:CORE:IQTREE -
[-        ] NFC…R:BIGBACTER:CORE:SNP_DISTS -
[-        ] NFC…BIGBACTER:CORE:TREE_FIGURE -
[-        ] NFC…ER:BIGBACTER:CORE:DIST_MAT -
[-        ] NFC…CTER:ACCESSORY:FORMAT_DIST -
[-        ] NFC…GBACTER:ACCESSORY:DIST_MAT -
[-        ] NFC…ER:BIGBACTER:SUMMARY_TABLE -
[-        ] NFC…BIGBACTER:COMBINED_SUMMARY -
Plus 3 more processes waiting for tasks…

executor >  local (55)
[3d/878939] NFC…BACTER:BIGBACTER:TIMESTAMP | 1 of 1 ✔
[e5/2a3682] NFC…ET_CHECK (samplesheet.csv) | 1 of 1 ✔
[75/524990] NFC…EQTK_SEQ (2026LY-00069_T1) | 28 of 28 ✔
[90/43c153] NFC…TER:FASTP (2025LY00093_T1) | 20 of 28
[6b/affb30] NFC…_ASSEMBLY (2025LY00109_T1) | 1 of 20
[-        ] NFC…TER:CLUSTER:POPPUNK_ASSIGN -
[-        ] NFC…TER:CLUSTER:POPPUNK_VISUAL -
[-        ] NFC…ER:RESOLVE_MERGED_CLUSTERS -
[-        ] NFC…GBACTER:CORE:SNIPPY_SINGLE -
[-        ] NFC…BIGBACTER:CORE:SNIPPY_CORE -
[-        ] NFC…TER:BIGBACTER:CORE:GUBBINS -
[-        ] NFC…TER:BIGBACTER:CORE:RAPIDNJ -
[-        ] NFC…CTER:BIGBACTER:CORE:IQTREE -
[-        ] NFC…R:BIGBACTER:CORE:SNP_DISTS -
[-        ] NFC…BIGBACTER:CORE:TREE_FIGURE -
[-        ] NFC…ER:BIGBACTER:CORE:DIST_MAT -
[-        ] NFC…CTER:ACCESSORY:FORMAT_DIST -
[-        ] NFC…GBACTER:ACCESSORY:DIST_MAT -
[-        ] NFC…ER:BIGBACTER:SUMMARY_TABLE -
[-        ] NFC…BIGBACTER:COMBINED_SUMMARY -
Plus 3 more processes waiting for tasks…

executor >  local (55)
[3d/878939] NFC…BACTER:BIGBACTER:TIMESTAMP | 1 of 1 ✔
[e5/2a3682] NFC…ET_CHECK (samplesheet.csv) | 1 of 1 ✔
[75/524990] NFC…EQTK_SEQ (2026LY-00069_T1) | 28 of 28 ✔
[b8/1db982] NFC…ER:FASTP (2026LY-00130_T1) | 21 of 28
[6b/affb30] NFC…_ASSEMBLY (2025LY00109_T1) | 1 of 21
[-        ] NFC…TER:CLUSTER:POPPUNK_ASSIGN -
[-        ] NFC…TER:CLUSTER:POPPUNK_VISUAL -
[-        ] NFC…ER:RESOLVE_MERGED_CLUSTERS -
[-        ] NFC…GBACTER:CORE:SNIPPY_SINGLE -
[-        ] NFC…BIGBACTER:CORE:SNIPPY_CORE -
[-        ] NFC…TER:BIGBACTER:CORE:GUBBINS -
[-        ] NFC…TER:BIGBACTER:CORE:RAPIDNJ -
[-        ] NFC…CTER:BIGBACTER:CORE:IQTREE -
[-        ] NFC…R:BIGBACTER:CORE:SNP_DISTS -
[-        ] NFC…BIGBACTER:CORE:TREE_FIGURE -
[-        ] NFC…ER:BIGBACTER:CORE:DIST_MAT -
[-        ] NFC…CTER:ACCESSORY:FORMAT_DIST -
[-        ] NFC…GBACTER:ACCESSORY:DIST_MAT -
[-        ] NFC…ER:BIGBACTER:SUMMARY_TABLE -
[-        ] NFC…BIGBACTER:COMBINED_SUMMARY -
Plus 3 more processes waiting for tasks…

executor >  local (56)
[3d/878939] NFC…BACTER:BIGBACTER:TIMESTAMP | 1 of 1 ✔
[e5/2a3682] NFC…ET_CHECK (samplesheet.csv) | 1 of 1 ✔
[75/524990] NFC…EQTK_SEQ (2026LY-00069_T1) | 28 of 28 ✔
[79/ed4b76] NFC…ER:FASTP (2025LY-00194_T1) | 21 of 28
[6b/affb30] NFC…_ASSEMBLY (2025LY00109_T1) | 1 of 21
[-        ] NFC…TER:CLUSTER:POPPUNK_ASSIGN -
[-        ] NFC…TER:CLUSTER:POPPUNK_VISUAL -
[-        ] NFC…ER:RESOLVE_MERGED_CLUSTERS -
[-        ] NFC…GBACTER:CORE:SNIPPY_SINGLE -
[-        ] NFC…BIGBACTER:CORE:SNIPPY_CORE -
[-        ] NFC…TER:BIGBACTER:CORE:GUBBINS -
[-        ] NFC…TER:BIGBACTER:CORE:RAPIDNJ -
[-        ] NFC…CTER:BIGBACTER:CORE:IQTREE -
[-        ] NFC…R:BIGBACTER:CORE:SNP_DISTS -
[-        ] NFC…BIGBACTER:CORE:TREE_FIGURE -
[-        ] NFC…ER:BIGBACTER:CORE:DIST_MAT -
[-        ] NFC…CTER:ACCESSORY:FORMAT_DIST -
[-        ] NFC…GBACTER:ACCESSORY:DIST_MAT -
[-        ] NFC…ER:BIGBACTER:SUMMARY_TABLE -
[-        ] NFC…BIGBACTER:COMBINED_SUMMARY -
Plus 3 more processes waiting for tasks…

executor >  local (57)
[3d/878939] NFC…BACTER:BIGBACTER:TIMESTAMP | 1 of 1 ✔
[e5/2a3682] NFC…ET_CHECK (samplesheet.csv) | 1 of 1 ✔
[75/524990] NFC…EQTK_SEQ (2026LY-00069_T1) | 28 of 28 ✔
[6c/d0fa53] NFC…ER:FASTP (2026LY-00023_T1) | 22 of 28
[6b/affb30] NFC…_ASSEMBLY (2025LY00109_T1) | 1 of 22
[-        ] NFC…TER:CLUSTER:POPPUNK_ASSIGN -
[-        ] NFC…TER:CLUSTER:POPPUNK_VISUAL -
[-        ] NFC…ER:RESOLVE_MERGED_CLUSTERS -
[-        ] NFC…GBACTER:CORE:SNIPPY_SINGLE -
[-        ] NFC…BIGBACTER:CORE:SNIPPY_CORE -
[-        ] NFC…TER:BIGBACTER:CORE:GUBBINS -
[-        ] NFC…TER:BIGBACTER:CORE:RAPIDNJ -
[-        ] NFC…CTER:BIGBACTER:CORE:IQTREE -
[-        ] NFC…R:BIGBACTER:CORE:SNP_DISTS -
[-        ] NFC…BIGBACTER:CORE:TREE_FIGURE -
[-        ] NFC…ER:BIGBACTER:CORE:DIST_MAT -
[-        ] NFC…CTER:ACCESSORY:FORMAT_DIST -
[-        ] NFC…GBACTER:ACCESSORY:DIST_MAT -
[-        ] NFC…ER:BIGBACTER:SUMMARY_TABLE -
[-        ] NFC…BIGBACTER:COMBINED_SUMMARY -
Plus 3 more processes waiting for tasks…

executor >  local (58)
[3d/878939] NFC…BACTER:BIGBACTER:TIMESTAMP | 1 of 1 ✔
[e5/2a3682] NFC…ET_CHECK (samplesheet.csv) | 1 of 1 ✔
[75/524990] NFC…EQTK_SEQ (2026LY-00069_T1) | 28 of 28 ✔
[93/d437a3] NFC…ER:FASTP (2026LY-00082_T1) | 23 of 28
[6b/affb30] NFC…_ASSEMBLY (2025LY00109_T1) | 1 of 22
[-        ] NFC…TER:CLUSTER:POPPUNK_ASSIGN -
[-        ] NFC…TER:CLUSTER:POPPUNK_VISUAL -
[-        ] NFC…ER:RESOLVE_MERGED_CLUSTERS -
[-        ] NFC…GBACTER:CORE:SNIPPY_SINGLE -
[-        ] NFC…BIGBACTER:CORE:SNIPPY_CORE -
[-        ] NFC…TER:BIGBACTER:CORE:GUBBINS -
[-        ] NFC…TER:BIGBACTER:CORE:RAPIDNJ -
[-        ] NFC…CTER:BIGBACTER:CORE:IQTREE -
[-        ] NFC…R:BIGBACTER:CORE:SNP_DISTS -
[-        ] NFC…BIGBACTER:CORE:TREE_FIGURE -
[-        ] NFC…ER:BIGBACTER:CORE:DIST_MAT -
[-        ] NFC…CTER:ACCESSORY:FORMAT_DIST -
[-        ] NFC…GBACTER:ACCESSORY:DIST_MAT -
[-        ] NFC…ER:BIGBACTER:SUMMARY_TABLE -
[-        ] NFC…BIGBACTER:COMBINED_SUMMARY -
Plus 3 more processes waiting for tasks…

executor >  local (59)
[3d/878939] NFC…BACTER:BIGBACTER:TIMESTAMP | 1 of 1 ✔
[e5/2a3682] NFC…ET_CHECK (samplesheet.csv) | 1 of 1 ✔
[75/524990] NFC…EQTK_SEQ (2026LY-00069_T1) | 28 of 28 ✔
[ec/b4ad8e] NFC…ER:FASTP (2026LY-00069_T1) | 24 of 28
[6b/affb30] NFC…_ASSEMBLY (2025LY00109_T1) | 1 of 23
[-        ] NFC…TER:CLUSTER:POPPUNK_ASSIGN -
[-        ] NFC…TER:CLUSTER:POPPUNK_VISUAL -
[-        ] NFC…ER:RESOLVE_MERGED_CLUSTERS -
[-        ] NFC…GBACTER:CORE:SNIPPY_SINGLE -
[-        ] NFC…BIGBACTER:CORE:SNIPPY_CORE -
[-        ] NFC…TER:BIGBACTER:CORE:GUBBINS -
[-        ] NFC…TER:BIGBACTER:CORE:RAPIDNJ -
[-        ] NFC…CTER:BIGBACTER:CORE:IQTREE -
[-        ] NFC…R:BIGBACTER:CORE:SNP_DISTS -
[-        ] NFC…BIGBACTER:CORE:TREE_FIGURE -
[-        ] NFC…ER:BIGBACTER:CORE:DIST_MAT -
[-        ] NFC…CTER:ACCESSORY:FORMAT_DIST -
[-        ] NFC…GBACTER:ACCESSORY:DIST_MAT -
[-        ] NFC…ER:BIGBACTER:SUMMARY_TABLE -
[-        ] NFC…BIGBACTER:COMBINED_SUMMARY -
Plus 3 more processes waiting for tasks…

executor >  local (59)
[3d/878939] NFC…BACTER:BIGBACTER:TIMESTAMP | 1 of 1 ✔
[e5/2a3682] NFC…ET_CHECK (samplesheet.csv) | 1 of 1 ✔
[75/524990] NFC…EQTK_SEQ (2026LY-00069_T1) | 28 of 28 ✔
[ec/b4ad8e] NFC…ER:FASTP (2026LY-00069_T1) | 24 of 28
[6b/affb30] NFC…_ASSEMBLY (2025LY00109_T1) | 1 of 23
[-        ] NFC…TER:CLUSTER:POPPUNK_ASSIGN -
[-        ] NFC…TER:CLUSTER:POPPUNK_VISUAL -
[-        ] NFC…ER:RESOLVE_MERGED_CLUSTERS -
[-        ] NFC…GBACTER:CORE:SNIPPY_SINGLE -
[-        ] NFC…BIGBACTER:CORE:SNIPPY_CORE -
[-        ] NFC…TER:BIGBACTER:CORE:GUBBINS -
[-        ] NFC…TER:BIGBACTER:CORE:RAPIDNJ -
[-        ] NFC…CTER:BIGBACTER:CORE:IQTREE -
[-        ] NFC…R:BIGBACTER:CORE:SNP_DISTS -
[-        ] NFC…BIGBACTER:CORE:TREE_FIGURE -
[-        ] NFC…ER:BIGBACTER:CORE:DIST_MAT -
[-        ] NFC…CTER:ACCESSORY:FORMAT_DIST -
[-        ] NFC…GBACTER:ACCESSORY:DIST_MAT -
[-        ] NFC…ER:BIGBACTER:SUMMARY_TABLE -
[-        ] NFC…BIGBACTER:COMBINED_SUMMARY -
Plus 3 more processes waiting for tasks…

executor >  local (59)
[3d/878939] NFC…BACTER:BIGBACTER:TIMESTAMP | 1 of 1 ✔
[e5/2a3682] NFC…ET_CHECK (samplesheet.csv) | 1 of 1 ✔
[75/524990] NFC…EQTK_SEQ (2026LY-00069_T1) | 28 of 28 ✔
[ec/b4ad8e] NFC…ER:FASTP (2026LY-00069_T1) | 24 of 28
[6b/affb30] NFC…_ASSEMBLY (2025LY00109_T1) | 1 of 24
[-        ] NFC…TER:CLUSTER:POPPUNK_ASSIGN -
[-        ] NFC…TER:CLUSTER:POPPUNK_VISUAL -
[-        ] NFC…ER:RESOLVE_MERGED_CLUSTERS -
[-        ] NFC…GBACTER:CORE:SNIPPY_SINGLE -
[-        ] NFC…BIGBACTER:CORE:SNIPPY_CORE -
[-        ] NFC…TER:BIGBACTER:CORE:GUBBINS -
[-        ] NFC…TER:BIGBACTER:CORE:RAPIDNJ -
[-        ] NFC…CTER:BIGBACTER:CORE:IQTREE -
[-        ] NFC…R:BIGBACTER:CORE:SNP_DISTS -
[-        ] NFC…BIGBACTER:CORE:TREE_FIGURE -
[-        ] NFC…ER:BIGBACTER:CORE:DIST_MAT -
[-        ] NFC…CTER:ACCESSORY:FORMAT_DIST -
[-        ] NFC…GBACTER:ACCESSORY:DIST_MAT -
[-        ] NFC…ER:BIGBACTER:SUMMARY_TABLE -
[-        ] NFC…BIGBACTER:COMBINED_SUMMARY -
Plus 3 more processes waiting for tasks…

executor >  local (61)
[3d/878939] NFC…BACTER:BIGBACTER:TIMESTAMP | 1 of 1 ✔
[e5/2a3682] NFC…ET_CHECK (samplesheet.csv) | 1 of 1 ✔
[75/524990] NFC…EQTK_SEQ (2026LY-00069_T1) | 28 of 28 ✔
[6c/d0fa53] NFC…ER:FASTP (2026LY-00023_T1) | 25 of 28
[23/4f91d4] NFC…ASSEMBLY (2025LY-00122_T1) | 1 of 25
[-        ] NFC…TER:CLUSTER:POPPUNK_ASSIGN -
[-        ] NFC…TER:CLUSTER:POPPUNK_VISUAL -
[-        ] NFC…ER:RESOLVE_MERGED_CLUSTERS -
[-        ] NFC…GBACTER:CORE:SNIPPY_SINGLE -
[-        ] NFC…BIGBACTER:CORE:SNIPPY_CORE -
[-        ] NFC…TER:BIGBACTER:CORE:GUBBINS -
[-        ] NFC…TER:BIGBACTER:CORE:RAPIDNJ -
[-        ] NFC…CTER:BIGBACTER:CORE:IQTREE -
[-        ] NFC…R:BIGBACTER:CORE:SNP_DISTS -
[-        ] NFC…BIGBACTER:CORE:TREE_FIGURE -
[-        ] NFC…ER:BIGBACTER:CORE:DIST_MAT -
[-        ] NFC…CTER:ACCESSORY:FORMAT_DIST -
[-        ] NFC…GBACTER:ACCESSORY:DIST_MAT -
[-        ] NFC…ER:BIGBACTER:SUMMARY_TABLE -
[-        ] NFC…BIGBACTER:COMBINED_SUMMARY -
Plus 3 more processes waiting for tasks…

executor >  local (65)
[3d/878939] NFC…BACTER:BIGBACTER:TIMESTAMP | 1 of 1 ✔
[e5/2a3682] NFC…ET_CHECK (samplesheet.csv) | 1 of 1 ✔
[75/524990] NFC…EQTK_SEQ (2026LY-00069_T1) | 28 of 28 ✔
[ec/b4ad8e] NFC…ER:FASTP (2026LY-00069_T1) | 26 of 28
[86/daec8c] NFC…ASSEMBLY (2025LY-00205_T1) | 3 of 26
[-        ] NFC…TER:CLUSTER:POPPUNK_ASSIGN -
[-        ] NFC…TER:CLUSTER:POPPUNK_VISUAL -
[-        ] NFC…ER:RESOLVE_MERGED_CLUSTERS -
[-        ] NFC…GBACTER:CORE:SNIPPY_SINGLE -
[-        ] NFC…BIGBACTER:CORE:SNIPPY_CORE -
[-        ] NFC…TER:BIGBACTER:CORE:GUBBINS -
[-        ] NFC…TER:BIGBACTER:CORE:RAPIDNJ -
[-        ] NFC…CTER:BIGBACTER:CORE:IQTREE -
[-        ] NFC…R:BIGBACTER:CORE:SNP_DISTS -
[-        ] NFC…BIGBACTER:CORE:TREE_FIGURE -
[-        ] NFC…ER:BIGBACTER:CORE:DIST_MAT -
[-        ] NFC…CTER:ACCESSORY:FORMAT_DIST -
[-        ] NFC…GBACTER:ACCESSORY:DIST_MAT -
[-        ] NFC…ER:BIGBACTER:SUMMARY_TABLE -
[-        ] NFC…BIGBACTER:COMBINED_SUMMARY -
Plus 3 more processes waiting for tasks…

executor >  local (66)
[3d/878939] NFC…BACTER:BIGBACTER:TIMESTAMP | 1 of 1 ✔
[e5/2a3682] NFC…ET_CHECK (samplesheet.csv) | 1 of 1 ✔
[75/524990] NFC…EQTK_SEQ (2026LY-00069_T1) | 28 of 28 ✔
[ec/b4ad8e] NFC…ER:FASTP (2026LY-00069_T1) | 26 of 28
[65/d7e8b4] NFC…ASSEMBLY (2025LY-00121_T1) | 4 of 26
[-        ] NFC…TER:CLUSTER:POPPUNK_ASSIGN -
[-        ] NFC…TER:CLUSTER:POPPUNK_VISUAL -
[-        ] NFC…ER:RESOLVE_MERGED_CLUSTERS -
[-        ] NFC…GBACTER:CORE:SNIPPY_SINGLE -
[-        ] NFC…BIGBACTER:CORE:SNIPPY_CORE -
[-        ] NFC…TER:BIGBACTER:CORE:GUBBINS -
[-        ] NFC…TER:BIGBACTER:CORE:RAPIDNJ -
[-        ] NFC…CTER:BIGBACTER:CORE:IQTREE -
[-        ] NFC…R:BIGBACTER:CORE:SNP_DISTS -
[-        ] NFC…BIGBACTER:CORE:TREE_FIGURE -
[-        ] NFC…ER:BIGBACTER:CORE:DIST_MAT -
[-        ] NFC…CTER:ACCESSORY:FORMAT_DIST -
[-        ] NFC…GBACTER:ACCESSORY:DIST_MAT -
[-        ] NFC…ER:BIGBACTER:SUMMARY_TABLE -
[-        ] NFC…BIGBACTER:COMBINED_SUMMARY -
Plus 3 more processes waiting for tasks…

executor >  local (69)
[3d/878939] NFC…BACTER:BIGBACTER:TIMESTAMP | 1 of 1 ✔
[e5/2a3682] NFC…ET_CHECK (samplesheet.csv) | 1 of 1 ✔
[75/524990] NFC…EQTK_SEQ (2026LY-00069_T1) | 28 of 28 ✔
[ec/b4ad8e] NFC…ER:FASTP (2026LY-00069_T1) | 26 of 28
[23/08cd41] NFC…ASSEMBLY (2025LY-00188_T1) | 7 of 26
[-        ] NFC…TER:CLUSTER:POPPUNK_ASSIGN -
[-        ] NFC…TER:CLUSTER:POPPUNK_VISUAL -
[-        ] NFC…ER:RESOLVE_MERGED_CLUSTERS -
[-        ] NFC…GBACTER:CORE:SNIPPY_SINGLE -
[-        ] NFC…BIGBACTER:CORE:SNIPPY_CORE -
[-        ] NFC…TER:BIGBACTER:CORE:GUBBINS -
[-        ] NFC…TER:BIGBACTER:CORE:RAPIDNJ -
[-        ] NFC…CTER:BIGBACTER:CORE:IQTREE -
[-        ] NFC…R:BIGBACTER:CORE:SNP_DISTS -
[-        ] NFC…BIGBACTER:CORE:TREE_FIGURE -
[-        ] NFC…ER:BIGBACTER:CORE:DIST_MAT -
[-        ] NFC…CTER:ACCESSORY:FORMAT_DIST -
[-        ] NFC…GBACTER:ACCESSORY:DIST_MAT -
[-        ] NFC…ER:BIGBACTER:SUMMARY_TABLE -
[-        ] NFC…BIGBACTER:COMBINED_SUMMARY -
Plus 3 more processes waiting for tasks…

executor >  local (69)
[3d/878939] NFC…BACTER:BIGBACTER:TIMESTAMP | 1 of 1 ✔
[e5/2a3682] NFC…ET_CHECK (samplesheet.csv) | 1 of 1 ✔
[75/524990] NFC…EQTK_SEQ (2026LY-00069_T1) | 28 of 28 ✔
[ec/b4ad8e] NFC…ER:FASTP (2026LY-00069_T1) | 26 of 28
[23/08cd41] NFC…ASSEMBLY (2025LY-00188_T1) | 10 of 26
[-        ] NFC…TER:CLUSTER:POPPUNK_ASSIGN -
[-        ] NFC…TER:CLUSTER:POPPUNK_VISUAL -
[-        ] NFC…ER:RESOLVE_MERGED_CLUSTERS -
[-        ] NFC…GBACTER:CORE:SNIPPY_SINGLE -
[-        ] NFC…BIGBACTER:CORE:SNIPPY_CORE -
[-        ] NFC…TER:BIGBACTER:CORE:GUBBINS -
[-        ] NFC…TER:BIGBACTER:CORE:RAPIDNJ -
[-        ] NFC…CTER:BIGBACTER:CORE:IQTREE -
[-        ] NFC…R:BIGBACTER:CORE:SNP_DISTS -
[-        ] NFC…BIGBACTER:CORE:TREE_FIGURE -
[-        ] NFC…ER:BIGBACTER:CORE:DIST_MAT -
[-        ] NFC…CTER:ACCESSORY:FORMAT_DIST -
[-        ] NFC…GBACTER:ACCESSORY:DIST_MAT -
[-        ] NFC…ER:BIGBACTER:SUMMARY_TABLE -
[-        ] NFC…BIGBACTER:COMBINED_SUMMARY -
Plus 3 more processes waiting for tasks…

executor >  local (72)
[3d/878939] NFC…BACTER:BIGBACTER:TIMESTAMP | 1 of 1 ✔
[e5/2a3682] NFC…ET_CHECK (samplesheet.csv) | 1 of 1 ✔
[75/524990] NFC…EQTK_SEQ (2026LY-00069_T1) | 28 of 28 ✔
[ec/b4ad8e] NFC…ER:FASTP (2026LY-00069_T1) | 26 of 28
[d4/614955] NFC…ASSEMBLY (2025LY-00187_T1) | 10 of 26
[-        ] NFC…TER:CLUSTER:POPPUNK_ASSIGN -
[-        ] NFC…TER:CLUSTER:POPPUNK_VISUAL -
[-        ] NFC…ER:RESOLVE_MERGED_CLUSTERS -
[-        ] NFC…GBACTER:CORE:SNIPPY_SINGLE -
[-        ] NFC…BIGBACTER:CORE:SNIPPY_CORE -
[-        ] NFC…TER:BIGBACTER:CORE:GUBBINS -
[-        ] NFC…TER:BIGBACTER:CORE:RAPIDNJ -
[-        ] NFC…CTER:BIGBACTER:CORE:IQTREE -
[-        ] NFC…R:BIGBACTER:CORE:SNP_DISTS -
[-        ] NFC…BIGBACTER:CORE:TREE_FIGURE -
[-        ] NFC…ER:BIGBACTER:CORE:DIST_MAT -
[-        ] NFC…CTER:ACCESSORY:FORMAT_DIST -
[-        ] NFC…GBACTER:ACCESSORY:DIST_MAT -
[-        ] NFC…ER:BIGBACTER:SUMMARY_TABLE -
[-        ] NFC…BIGBACTER:COMBINED_SUMMARY -
Plus 3 more processes waiting for tasks…

executor >  local (73)
[3d/878939] NFC…BACTER:BIGBACTER:TIMESTAMP | 1 of 1 ✔
[e5/2a3682] NFC…ET_CHECK (samplesheet.csv) | 1 of 1 ✔
[75/524990] NFC…EQTK_SEQ (2026LY-00069_T1) | 28 of 28 ✔
[ec/b4ad8e] NFC…ER:FASTP (2026LY-00069_T1) | 26 of 28
[dc/8b79a5] NFC…ASSEMBLY (2025LY-00212_T1) | 12 of 26
[-        ] NFC…TER:CLUSTER:POPPUNK_ASSIGN -
[-        ] NFC…TER:CLUSTER:POPPUNK_VISUAL -
[-        ] NFC…ER:RESOLVE_MERGED_CLUSTERS -
[-        ] NFC…GBACTER:CORE:SNIPPY_SINGLE -
[-        ] NFC…BIGBACTER:CORE:SNIPPY_CORE -
[-        ] NFC…TER:BIGBACTER:CORE:GUBBINS -
[-        ] NFC…TER:BIGBACTER:CORE:RAPIDNJ -
[-        ] NFC…CTER:BIGBACTER:CORE:IQTREE -
[-        ] NFC…R:BIGBACTER:CORE:SNP_DISTS -
[-        ] NFC…BIGBACTER:CORE:TREE_FIGURE -
[-        ] NFC…ER:BIGBACTER:CORE:DIST_MAT -
[-        ] NFC…CTER:ACCESSORY:FORMAT_DIST -
[-        ] NFC…GBACTER:ACCESSORY:DIST_MAT -
[-        ] NFC…ER:BIGBACTER:SUMMARY_TABLE -
[-        ] NFC…BIGBACTER:COMBINED_SUMMARY -
Plus 3 more processes waiting for tasks…

executor >  local (73)
[3d/878939] NFC…BACTER:BIGBACTER:TIMESTAMP | 1 of 1 ✔
[e5/2a3682] NFC…ET_CHECK (samplesheet.csv) | 1 of 1 ✔
[75/524990] NFC…EQTK_SEQ (2026LY-00069_T1) | 28 of 28 ✔
[ec/b4ad8e] NFC…ER:FASTP (2026LY-00069_T1) | 26 of 28
[52/d6b32f] NFC…_ASSEMBLY (2025LY00111_T1) | 13 of 26
[-        ] NFC…TER:CLUSTER:POPPUNK_ASSIGN -
[-        ] NFC…TER:CLUSTER:POPPUNK_VISUAL -
[-        ] NFC…ER:RESOLVE_MERGED_CLUSTERS -
[-        ] NFC…GBACTER:CORE:SNIPPY_SINGLE -
[-        ] NFC…BIGBACTER:CORE:SNIPPY_CORE -
[-        ] NFC…TER:BIGBACTER:CORE:GUBBINS -
[-        ] NFC…TER:BIGBACTER:CORE:RAPIDNJ -
[-        ] NFC…CTER:BIGBACTER:CORE:IQTREE -
[-        ] NFC…R:BIGBACTER:CORE:SNP_DISTS -
[-        ] NFC…BIGBACTER:CORE:TREE_FIGURE -
[-        ] NFC…ER:BIGBACTER:CORE:DIST_MAT -
[-        ] NFC…CTER:ACCESSORY:FORMAT_DIST -
[-        ] NFC…GBACTER:ACCESSORY:DIST_MAT -
[-        ] NFC…ER:BIGBACTER:SUMMARY_TABLE -
[-        ] NFC…BIGBACTER:COMBINED_SUMMARY -
Plus 3 more processes waiting for tasks…

executor >  local (73)
[3d/878939] NFC…BACTER:BIGBACTER:TIMESTAMP | 1 of 1 ✔
[e5/2a3682] NFC…ET_CHECK (samplesheet.csv) | 1 of 1 ✔
[75/524990] NFC…EQTK_SEQ (2026LY-00069_T1) | 28 of 28 ✔
[7c/8294c8] NFC…ER:FASTP (2026LY-00019_T1) | 27 of 28
[52/d6b32f] NFC…_ASSEMBLY (2025LY00111_T1) | 13 of 27
[-        ] NFC…TER:CLUSTER:POPPUNK_ASSIGN -
[-        ] NFC…TER:CLUSTER:POPPUNK_VISUAL -
[-        ] NFC…ER:RESOLVE_MERGED_CLUSTERS -
[-        ] NFC…GBACTER:CORE:SNIPPY_SINGLE -
[-        ] NFC…BIGBACTER:CORE:SNIPPY_CORE -
[-        ] NFC…TER:BIGBACTER:CORE:GUBBINS -
[-        ] NFC…TER:BIGBACTER:CORE:RAPIDNJ -
[-        ] NFC…CTER:BIGBACTER:CORE:IQTREE -
[-        ] NFC…R:BIGBACTER:CORE:SNP_DISTS -
[-        ] NFC…BIGBACTER:CORE:TREE_FIGURE -
[-        ] NFC…ER:BIGBACTER:CORE:DIST_MAT -
[-        ] NFC…CTER:ACCESSORY:FORMAT_DIST -
[-        ] NFC…GBACTER:ACCESSORY:DIST_MAT -
[-        ] NFC…ER:BIGBACTER:SUMMARY_TABLE -
[-        ] NFC…BIGBACTER:COMBINED_SUMMARY -
Plus 3 more processes waiting for tasks…

executor >  local (77)
[3d/878939] NFC…BACTER:BIGBACTER:TIMESTAMP | 1 of 1 ✔
[e5/2a3682] NFC…ET_CHECK (samplesheet.csv) | 1 of 1 ✔
[75/524990] NFC…EQTK_SEQ (2026LY-00069_T1) | 28 of 28 ✔
[7c/8294c8] NFC…ER:FASTP (2026LY-00019_T1) | 27 of 28
[3e/719859] NFC…_ASSEMBLY (2025LY00108_T1) | 13 of 27
[-        ] NFC…TER:CLUSTER:POPPUNK_ASSIGN -
[-        ] NFC…TER:CLUSTER:POPPUNK_VISUAL -
[-        ] NFC…ER:RESOLVE_MERGED_CLUSTERS -
[-        ] NFC…GBACTER:CORE:SNIPPY_SINGLE -
[-        ] NFC…BIGBACTER:CORE:SNIPPY_CORE -
[-        ] NFC…TER:BIGBACTER:CORE:GUBBINS -
[-        ] NFC…TER:BIGBACTER:CORE:RAPIDNJ -
[-        ] NFC…CTER:BIGBACTER:CORE:IQTREE -
[-        ] NFC…R:BIGBACTER:CORE:SNP_DISTS -
[-        ] NFC…BIGBACTER:CORE:TREE_FIGURE -
[-        ] NFC…ER:BIGBACTER:CORE:DIST_MAT -
[-        ] NFC…CTER:ACCESSORY:FORMAT_DIST -
[-        ] NFC…GBACTER:ACCESSORY:DIST_MAT -
[-        ] NFC…ER:BIGBACTER:SUMMARY_TABLE -
[-        ] NFC…BIGBACTER:COMBINED_SUMMARY -
Plus 3 more processes waiting for tasks…

executor >  local (80)
[3d/878939] NFC…BACTER:BIGBACTER:TIMESTAMP | 1 of 1 ✔
[e5/2a3682] NFC…ET_CHECK (samplesheet.csv) | 1 of 1 ✔
[75/524990] NFC…EQTK_SEQ (2026LY-00069_T1) | 28 of 28 ✔
[7c/8294c8] NFC…ER:FASTP (2026LY-00019_T1) | 27 of 28
[47/259f76] NFC…ASSEMBLY (2026LY-00070_T1) | 16 of 27
[-        ] NFC…TER:CLUSTER:POPPUNK_ASSIGN -
[-        ] NFC…TER:CLUSTER:POPPUNK_VISUAL -
[-        ] NFC…ER:RESOLVE_MERGED_CLUSTERS -
[-        ] NFC…GBACTER:CORE:SNIPPY_SINGLE -
[-        ] NFC…BIGBACTER:CORE:SNIPPY_CORE -
[-        ] NFC…TER:BIGBACTER:CORE:GUBBINS -
[-        ] NFC…TER:BIGBACTER:CORE:RAPIDNJ -
[-        ] NFC…CTER:BIGBACTER:CORE:IQTREE -
[-        ] NFC…R:BIGBACTER:CORE:SNP_DISTS -
[-        ] NFC…BIGBACTER:CORE:TREE_FIGURE -
[-        ] NFC…ER:BIGBACTER:CORE:DIST_MAT -
[-        ] NFC…CTER:ACCESSORY:FORMAT_DIST -
[-        ] NFC…GBACTER:ACCESSORY:DIST_MAT -
[-        ] NFC…ER:BIGBACTER:SUMMARY_TABLE -
[-        ] NFC…BIGBACTER:COMBINED_SUMMARY -
Plus 3 more processes waiting for tasks…

executor >  local (83)
[3d/878939] NFC…BACTER:BIGBACTER:TIMESTAMP | 1 of 1 ✔
[e5/2a3682] NFC…ET_CHECK (samplesheet.csv) | 1 of 1 ✔
[75/524990] NFC…EQTK_SEQ (2026LY-00069_T1) | 28 of 28 ✔
[7c/8294c8] NFC…ER:FASTP (2026LY-00019_T1) | 27 of 28
[b4/d8afdc] NFC…ASSEMBLY (2026LY-00023_T1) | 19 of 27
[-        ] NFC…TER:CLUSTER:POPPUNK_ASSIGN -
[-        ] NFC…TER:CLUSTER:POPPUNK_VISUAL -
[-        ] NFC…ER:RESOLVE_MERGED_CLUSTERS -
[-        ] NFC…GBACTER:CORE:SNIPPY_SINGLE -
[-        ] NFC…BIGBACTER:CORE:SNIPPY_CORE -
[-        ] NFC…TER:BIGBACTER:CORE:GUBBINS -
[-        ] NFC…TER:BIGBACTER:CORE:RAPIDNJ -
[-        ] NFC…CTER:BIGBACTER:CORE:IQTREE -
[-        ] NFC…R:BIGBACTER:CORE:SNP_DISTS -
[-        ] NFC…BIGBACTER:CORE:TREE_FIGURE -
[-        ] NFC…ER:BIGBACTER:CORE:DIST_MAT -
[-        ] NFC…CTER:ACCESSORY:FORMAT_DIST -
[-        ] NFC…GBACTER:ACCESSORY:DIST_MAT -
[-        ] NFC…ER:BIGBACTER:SUMMARY_TABLE -
[-        ] NFC…BIGBACTER:COMBINED_SUMMARY -
Plus 3 more processes waiting for tasks…

executor >  local (85)
[3d/878939] NFC…BACTER:BIGBACTER:TIMESTAMP | 1 of 1 ✔
[e5/2a3682] NFC…ET_CHECK (samplesheet.csv) | 1 of 1 ✔
[75/524990] NFC…EQTK_SEQ (2026LY-00069_T1) | 28 of 28 ✔
[7c/8294c8] NFC…ER:FASTP (2026LY-00019_T1) | 27 of 28
[cc/bfcf98] NFC…ASSEMBLY (2026LY-00082_T1) | 22 of 27
[-        ] NFC…TER:CLUSTER:POPPUNK_ASSIGN -
[-        ] NFC…TER:CLUSTER:POPPUNK_VISUAL -
[-        ] NFC…ER:RESOLVE_MERGED_CLUSTERS -
[-        ] NFC…GBACTER:CORE:SNIPPY_SINGLE -
[-        ] NFC…BIGBACTER:CORE:SNIPPY_CORE -
[-        ] NFC…TER:BIGBACTER:CORE:GUBBINS -
[-        ] NFC…TER:BIGBACTER:CORE:RAPIDNJ -
[-        ] NFC…CTER:BIGBACTER:CORE:IQTREE -
[-        ] NFC…R:BIGBACTER:CORE:SNP_DISTS -
[-        ] NFC…BIGBACTER:CORE:TREE_FIGURE -
[-        ] NFC…ER:BIGBACTER:CORE:DIST_MAT -
[-        ] NFC…CTER:ACCESSORY:FORMAT_DIST -
[-        ] NFC…GBACTER:ACCESSORY:DIST_MAT -
[-        ] NFC…ER:BIGBACTER:SUMMARY_TABLE -
[-        ] NFC…BIGBACTER:COMBINED_SUMMARY -
Plus 3 more processes waiting for tasks…

executor >  local (85)
[3d/878939] NFC…BACTER:BIGBACTER:TIMESTAMP | 1 of 1 ✔
[e5/2a3682] NFC…ET_CHECK (samplesheet.csv) | 1 of 1 ✔
[75/524990] NFC…EQTK_SEQ (2026LY-00069_T1) | 28 of 28 ✔
[7c/8294c8] NFC…ER:FASTP (2026LY-00019_T1) | 27 of 28
[43/151cb9] NFC…ASSEMBLY (2026LY-00019_T1) | 23 of 27
[-        ] NFC…TER:CLUSTER:POPPUNK_ASSIGN -
[-        ] NFC…TER:CLUSTER:POPPUNK_VISUAL -
[-        ] NFC…ER:RESOLVE_MERGED_CLUSTERS -
[-        ] NFC…GBACTER:CORE:SNIPPY_SINGLE -
[-        ] NFC…BIGBACTER:CORE:SNIPPY_CORE -
[-        ] NFC…TER:BIGBACTER:CORE:GUBBINS -
[-        ] NFC…TER:BIGBACTER:CORE:RAPIDNJ -
[-        ] NFC…CTER:BIGBACTER:CORE:IQTREE -
[-        ] NFC…R:BIGBACTER:CORE:SNP_DISTS -
[-        ] NFC…BIGBACTER:CORE:TREE_FIGURE -
[-        ] NFC…ER:BIGBACTER:CORE:DIST_MAT -
[-        ] NFC…CTER:ACCESSORY:FORMAT_DIST -
[-        ] NFC…GBACTER:ACCESSORY:DIST_MAT -
[-        ] NFC…ER:BIGBACTER:SUMMARY_TABLE -
[-        ] NFC…BIGBACTER:COMBINED_SUMMARY -
Plus 3 more processes waiting for tasks…

executor >  local (85)
[3d/878939] NFC…BACTER:BIGBACTER:TIMESTAMP | 1 of 1 ✔
[e5/2a3682] NFC…ET_CHECK (samplesheet.csv) | 1 of 1 ✔
[75/524990] NFC…EQTK_SEQ (2026LY-00069_T1) | 28 of 28 ✔
[7c/8294c8] NFC…ER:FASTP (2026LY-00019_T1) | 27 of 28
[5f/75c38d] NFC…ASSEMBLY (2026LY-00069_T1) | 24 of 27
[-        ] NFC…TER:CLUSTER:POPPUNK_ASSIGN -
[-        ] NFC…TER:CLUSTER:POPPUNK_VISUAL -
[-        ] NFC…ER:RESOLVE_MERGED_CLUSTERS -
[-        ] NFC…GBACTER:CORE:SNIPPY_SINGLE -
[-        ] NFC…BIGBACTER:CORE:SNIPPY_CORE -
[-        ] NFC…TER:BIGBACTER:CORE:GUBBINS -
[-        ] NFC…TER:BIGBACTER:CORE:RAPIDNJ -
[-        ] NFC…CTER:BIGBACTER:CORE:IQTREE -
[-        ] NFC…R:BIGBACTER:CORE:SNP_DISTS -
[-        ] NFC…BIGBACTER:CORE:TREE_FIGURE -
[-        ] NFC…ER:BIGBACTER:CORE:DIST_MAT -
[-        ] NFC…CTER:ACCESSORY:FORMAT_DIST -
[-        ] NFC…GBACTER:ACCESSORY:DIST_MAT -
[-        ] NFC…ER:BIGBACTER:SUMMARY_TABLE -
[-        ] NFC…BIGBACTER:COMBINED_SUMMARY -
Plus 3 more processes waiting for tasks…

executor >  local (85)
[3d/878939] NFC…BACTER:BIGBACTER:TIMESTAMP | 1 of 1 ✔
[e5/2a3682] NFC…ET_CHECK (samplesheet.csv) | 1 of 1 ✔
[75/524990] NFC…EQTK_SEQ (2026LY-00069_T1) | 28 of 28 ✔
[7c/8294c8] NFC…ER:FASTP (2026LY-00019_T1) | 27 of 28
[f6/a60c48] NFC…_ASSEMBLY (2025LY00106_T1) | 25 of 27
[-        ] NFC…TER:CLUSTER:POPPUNK_ASSIGN -
[-        ] NFC…TER:CLUSTER:POPPUNK_VISUAL -
[-        ] NFC…ER:RESOLVE_MERGED_CLUSTERS -
[-        ] NFC…GBACTER:CORE:SNIPPY_SINGLE -
[-        ] NFC…BIGBACTER:CORE:SNIPPY_CORE -
[-        ] NFC…TER:BIGBACTER:CORE:GUBBINS -
[-        ] NFC…TER:BIGBACTER:CORE:RAPIDNJ -
[-        ] NFC…CTER:BIGBACTER:CORE:IQTREE -
[-        ] NFC…R:BIGBACTER:CORE:SNP_DISTS -
[-        ] NFC…BIGBACTER:CORE:TREE_FIGURE -
[-        ] NFC…ER:BIGBACTER:CORE:DIST_MAT -
[-        ] NFC…CTER:ACCESSORY:FORMAT_DIST -
[-        ] NFC…GBACTER:ACCESSORY:DIST_MAT -
[-        ] NFC…ER:BIGBACTER:SUMMARY_TABLE -
[-        ] NFC…BIGBACTER:COMBINED_SUMMARY -
Plus 3 more processes waiting for tasks…

executor >  local (85)
[3d/878939] NFC…BACTER:BIGBACTER:TIMESTAMP | 1 of 1 ✔
[e5/2a3682] NFC…ET_CHECK (samplesheet.csv) | 1 of 1 ✔
[75/524990] NFC…EQTK_SEQ (2026LY-00069_T1) | 28 of 28 ✔
[7c/8294c8] NFC…ER:FASTP (2026LY-00019_T1) | 27 of 28
[e3/32f4e4] NFC…ASSEMBLY (2026LY-00034_T1) | 26 of 27
[-        ] NFC…TER:CLUSTER:POPPUNK_ASSIGN -
[-        ] NFC…TER:CLUSTER:POPPUNK_VISUAL -
[-        ] NFC…ER:RESOLVE_MERGED_CLUSTERS -
[-        ] NFC…GBACTER:CORE:SNIPPY_SINGLE -
[-        ] NFC…BIGBACTER:CORE:SNIPPY_CORE -
[-        ] NFC…TER:BIGBACTER:CORE:GUBBINS -
[-        ] NFC…TER:BIGBACTER:CORE:RAPIDNJ -
[-        ] NFC…CTER:BIGBACTER:CORE:IQTREE -
[-        ] NFC…R:BIGBACTER:CORE:SNP_DISTS -
[-        ] NFC…BIGBACTER:CORE:TREE_FIGURE -
[-        ] NFC…ER:BIGBACTER:CORE:DIST_MAT -
[-        ] NFC…CTER:ACCESSORY:FORMAT_DIST -
[-        ] NFC…GBACTER:ACCESSORY:DIST_MAT -
[-        ] NFC…ER:BIGBACTER:SUMMARY_TABLE -
[-        ] NFC…BIGBACTER:COMBINED_SUMMARY -
Plus 3 more processes waiting for tasks…

executor >  local (85)
[3d/878939] NFC…BACTER:BIGBACTER:TIMESTAMP | 1 of 1 ✔
[e5/2a3682] NFC…ET_CHECK (samplesheet.csv) | 1 of 1 ✔
[75/524990] NFC…EQTK_SEQ (2026LY-00069_T1) | 28 of 28 ✔
[7c/8294c8] NFC…ER:FASTP (2026LY-00019_T1) | 27 of 28
[da/9f01f6] NFC…ASSEMBLY (2026LY-00018_T1) | 27 of 27
[-        ] NFC…TER:CLUSTER:POPPUNK_ASSIGN -
[-        ] NFC…TER:CLUSTER:POPPUNK_VISUAL -
[-        ] NFC…ER:RESOLVE_MERGED_CLUSTERS -
[-        ] NFC…GBACTER:CORE:SNIPPY_SINGLE -
[-        ] NFC…BIGBACTER:CORE:SNIPPY_CORE -
[-        ] NFC…TER:BIGBACTER:CORE:GUBBINS -
[-        ] NFC…TER:BIGBACTER:CORE:RAPIDNJ -
[-        ] NFC…CTER:BIGBACTER:CORE:IQTREE -
[-        ] NFC…R:BIGBACTER:CORE:SNP_DISTS -
[-        ] NFC…BIGBACTER:CORE:TREE_FIGURE -
[-        ] NFC…ER:BIGBACTER:CORE:DIST_MAT -
[-        ] NFC…CTER:ACCESSORY:FORMAT_DIST -
[-        ] NFC…GBACTER:ACCESSORY:DIST_MAT -
[-        ] NFC…ER:BIGBACTER:SUMMARY_TABLE -
[-        ] NFC…BIGBACTER:COMBINED_SUMMARY -
Plus 3 more processes waiting for tasks…

executor >  local (86)
[3d/878939] NFC…BACTER:BIGBACTER:TIMESTAMP | 1 of 1 ✔
[e5/2a3682] NFC…ET_CHECK (samplesheet.csv) | 1 of 1 ✔
[75/524990] NFC…EQTK_SEQ (2026LY-00069_T1) | 28 of 28 ✔
[7c/8294c8] NFC…ER:FASTP (2026LY-00019_T1) | 27 of 28 ✔
[25/7713d5] NFC…ASSEMBLY (2025LY-00194_T1) | 27 of 28
[-        ] NFC…TER:CLUSTER:POPPUNK_ASSIGN -
[-        ] NFC…TER:CLUSTER:POPPUNK_VISUAL -
[-        ] NFC…ER:RESOLVE_MERGED_CLUSTERS -
[-        ] NFC…GBACTER:CORE:SNIPPY_SINGLE -
[-        ] NFC…BIGBACTER:CORE:SNIPPY_CORE -
[-        ] NFC…TER:BIGBACTER:CORE:GUBBINS -
[-        ] NFC…TER:BIGBACTER:CORE:RAPIDNJ -
[-        ] NFC…CTER:BIGBACTER:CORE:IQTREE -
[-        ] NFC…R:BIGBACTER:CORE:SNP_DISTS -
[-        ] NFC…BIGBACTER:CORE:TREE_FIGURE -
[-        ] NFC…ER:BIGBACTER:CORE:DIST_MAT -
[-        ] NFC…CTER:ACCESSORY:FORMAT_DIST -
[-        ] NFC…GBACTER:ACCESSORY:DIST_MAT -
[-        ] NFC…ER:BIGBACTER:SUMMARY_TABLE -
[-        ] NFC…BIGBACTER:COMBINED_SUMMARY -
Plus 3 more processes waiting for tasks…

executor >  local (86)
[3d/878939] NFC…BACTER:BIGBACTER:TIMESTAMP | 1 of 1 ✔
[e5/2a3682] NFC…ET_CHECK (samplesheet.csv) | 1 of 1 ✔
[75/524990] NFC…EQTK_SEQ (2026LY-00069_T1) | 28 of 28 ✔
[79/ed4b76] NFC…ER:FASTP (2025LY-00194_T1) | 28 of 28 ✔
[25/7713d5] NFC…ASSEMBLY (2025LY-00194_T1) | 28 of 28 ✔
[-        ] NFC…TER:CLUSTER:POPPUNK_ASSIGN -
[-        ] NFC…TER:CLUSTER:POPPUNK_VISUAL -
[-        ] NFC…ER:RESOLVE_MERGED_CLUSTERS -
[-        ] NFC…GBACTER:CORE:SNIPPY_SINGLE -
[-        ] NFC…BIGBACTER:CORE:SNIPPY_CORE -
[-        ] NFC…TER:BIGBACTER:CORE:GUBBINS -
[-        ] NFC…TER:BIGBACTER:CORE:RAPIDNJ -
[-        ] NFC…CTER:BIGBACTER:CORE:IQTREE -
[-        ] NFC…R:BIGBACTER:CORE:SNP_DISTS -
[-        ] NFC…BIGBACTER:CORE:TREE_FIGURE -
[-        ] NFC…ER:BIGBACTER:CORE:DIST_MAT -
[-        ] NFC…CTER:ACCESSORY:FORMAT_DIST -
[-        ] NFC…GBACTER:ACCESSORY:DIST_MAT -
[-        ] NFC…ER:BIGBACTER:SUMMARY_TABLE -
[-        ] NFC…BIGBACTER:COMBINED_SUMMARY -
Plus 3 more processes waiting for tasks…

executor >  local (86)
[3d/878939] NFC…BACTER:BIGBACTER:TIMESTAMP | 1 of 1 ✔
[e5/2a3682] NFC…ET_CHECK (samplesheet.csv) | 1 of 1 ✔
[75/524990] NFC…EQTK_SEQ (2026LY-00069_T1) | 28 of 28 ✔
[79/ed4b76] NFC…ER:FASTP (2025LY-00194_T1) | 28 of 28 ✔
[25/7713d5] NFC…ASSEMBLY (2025LY-00194_T1) | 28 of 28 ✔
[-        ] NFC…TER:CLUSTER:POPPUNK_ASSIGN | 0 of 1
[-        ] NFC…TER:CLUSTER:POPPUNK_VISUAL -
[-        ] NFC…ER:RESOLVE_MERGED_CLUSTERS -
[-        ] NFC…GBACTER:CORE:SNIPPY_SINGLE -
[-        ] NFC…BIGBACTER:CORE:SNIPPY_CORE -
[-        ] NFC…TER:BIGBACTER:CORE:GUBBINS -
[-        ] NFC…TER:BIGBACTER:CORE:RAPIDNJ -
[-        ] NFC…CTER:BIGBACTER:CORE:IQTREE -
[-        ] NFC…R:BIGBACTER:CORE:SNP_DISTS -
[-        ] NFC…BIGBACTER:CORE:TREE_FIGURE -
[-        ] NFC…ER:BIGBACTER:CORE:DIST_MAT -
[-        ] NFC…CTER:ACCESSORY:FORMAT_DIST -
[-        ] NFC…GBACTER:ACCESSORY:DIST_MAT -
[-        ] NFC…ER:BIGBACTER:SUMMARY_TABLE -
[-        ] NFC…BIGBACTER:COMBINED_SUMMARY -
Plus 3 more processes waiting for tasks…

executor >  local (87)
[3d/878939] NFC…BACTER:BIGBACTER:TIMESTAMP | 1 of 1 ✔
[e5/2a3682] NFC…ET_CHECK (samplesheet.csv) | 1 of 1 ✔
[75/524990] NFC…EQTK_SEQ (2026LY-00069_T1) | 28 of 28 ✔
[79/ed4b76] NFC…ER:FASTP (2025LY-00194_T1) | 28 of 28 ✔
[25/7713d5] NFC…ASSEMBLY (2025LY-00194_T1) | 28 of 28 ✔
[98/806d87] NFC… (Acinetobacter_baumannii) | 0 of 1
[-        ] NFC…TER:CLUSTER:POPPUNK_VISUAL -
[-        ] NFC…ER:RESOLVE_MERGED_CLUSTERS -
[-        ] NFC…GBACTER:CORE:SNIPPY_SINGLE -
[-        ] NFC…BIGBACTER:CORE:SNIPPY_CORE -
[-        ] NFC…TER:BIGBACTER:CORE:GUBBINS -
[-        ] NFC…TER:BIGBACTER:CORE:RAPIDNJ -
[-        ] NFC…CTER:BIGBACTER:CORE:IQTREE -
[-        ] NFC…R:BIGBACTER:CORE:SNP_DISTS -
[-        ] NFC…BIGBACTER:CORE:TREE_FIGURE -
[-        ] NFC…ER:BIGBACTER:CORE:DIST_MAT -
[-        ] NFC…CTER:ACCESSORY:FORMAT_DIST -
[-        ] NFC…GBACTER:ACCESSORY:DIST_MAT -
[-        ] NFC…ER:BIGBACTER:SUMMARY_TABLE -
[-        ] NFC…BIGBACTER:COMBINED_SUMMARY -
Plus 3 more processes waiting for tasks…

executor >  local (89)
[3d/878939] NFC…BACTER:BIGBACTER:TIMESTAMP | 1 of 1 ✔
[e5/2a3682] NFC…ET_CHECK (samplesheet.csv) | 1 of 1 ✔
[75/524990] NFC…EQTK_SEQ (2026LY-00069_T1) | 28 of 28 ✔
[79/ed4b76] NFC…ER:FASTP (2025LY-00194_T1) | 28 of 28 ✔
[25/7713d5] NFC…ASSEMBLY (2025LY-00194_T1) | 28 of 28 ✔
[98/806d87] NFC… (Acinetobacter_baumannii) | 0 of 1 ✔
[-        ] NFC…TER:CLUSTER:POPPUNK_VISUAL -
[-        ] NFC…ER:RESOLVE_MERGED_CLUSTERS -
[7c/7fb3ac] NFC…PY_SINGLE (2025LY00109_T1) | 0 of 3
[-        ] NFC…BIGBACTER:CORE:SNIPPY_CORE -
[-        ] NFC…TER:BIGBACTER:CORE:GUBBINS -
[-        ] NFC…TER:BIGBACTER:CORE:RAPIDNJ -
[-        ] NFC…CTER:BIGBACTER:CORE:IQTREE -
[-        ] NFC…R:BIGBACTER:CORE:SNP_DISTS -
[-        ] NFC…BIGBACTER:CORE:TREE_FIGURE -
[-        ] NFC…ER:BIGBACTER:CORE:DIST_MAT -
[-        ] NFC…CTER:ACCESSORY:FORMAT_DIST -
[-        ] NFC…GBACTER:ACCESSORY:DIST_MAT -
[-        ] NFC…ER:BIGBACTER:SUMMARY_TABLE -
[-        ] NFC…BIGBACTER:COMBINED_SUMMARY -
Plus 3 more processes waiting for tasks…

executor >  local (89)
[3d/878939] NFC…BACTER:BIGBACTER:TIMESTAMP | 1 of 1 ✔
[e5/2a3682] NFC…ET_CHECK (samplesheet.csv) | 1 of 1 ✔
[75/524990] NFC…EQTK_SEQ (2026LY-00069_T1) | 28 of 28 ✔
[79/ed4b76] NFC…ER:FASTP (2025LY-00194_T1) | 28 of 28 ✔
[25/7713d5] NFC…ASSEMBLY (2025LY-00194_T1) | 28 of 28 ✔
[98/806d87] NFC… (Acinetobacter_baumannii) | 1 of 1 ✔
[-        ] NFC…TER:CLUSTER:POPPUNK_VISUAL -
[-        ] NFC…ER:RESOLVE_MERGED_CLUSTERS -
[7c/7fb3ac] NFC…PY_SINGLE (2025LY00109_T1) | 0 of 8
[-        ] NFC…BIGBACTER:CORE:SNIPPY_CORE -
[-        ] NFC…TER:BIGBACTER:CORE:GUBBINS -
[-        ] NFC…TER:BIGBACTER:CORE:RAPIDNJ -
[-        ] NFC…CTER:BIGBACTER:CORE:IQTREE -
[-        ] NFC…R:BIGBACTER:CORE:SNP_DISTS -
[-        ] NFC…BIGBACTER:CORE:TREE_FIGURE -
[-        ] NFC…ER:BIGBACTER:CORE:DIST_MAT -
[-        ] NFC…CTER:ACCESSORY:FORMAT_DIST -
[-        ] NFC…GBACTER:ACCESSORY:DIST_MAT -
[-        ] NFC…ER:BIGBACTER:SUMMARY_TABLE -
[-        ] NFC…BIGBACTER:COMBINED_SUMMARY -
Plus 3 more processes waiting for tasks…

executor >  local (89)
[3d/878939] NFC…BACTER:BIGBACTER:TIMESTAMP | 1 of 1 ✔
[e5/2a3682] NFC…ET_CHECK (samplesheet.csv) | 1 of 1 ✔
[75/524990] NFC…EQTK_SEQ (2026LY-00069_T1) | 28 of 28 ✔
[79/ed4b76] NFC…ER:FASTP (2025LY-00194_T1) | 28 of 28 ✔
[25/7713d5] NFC…ASSEMBLY (2025LY-00194_T1) | 28 of 28 ✔
[98/806d87] NFC… (Acinetobacter_baumannii) | 1 of 1 ✔
[-        ] NFC…TER:CLUSTER:POPPUNK_VISUAL | 0 of 1
[-        ] NFC…ER:RESOLVE_MERGED_CLUSTERS -
[7c/7fb3ac] NFC…PY_SINGLE (2025LY00109_T1) | 0 of 18
[-        ] NFC…BIGBACTER:CORE:SNIPPY_CORE -
[-        ] NFC…TER:BIGBACTER:CORE:GUBBINS -
[-        ] NFC…TER:BIGBACTER:CORE:RAPIDNJ -
[-        ] NFC…CTER:BIGBACTER:CORE:IQTREE -
[-        ] NFC…R:BIGBACTER:CORE:SNP_DISTS -
[-        ] NFC…BIGBACTER:CORE:TREE_FIGURE -
[-        ] NFC…ER:BIGBACTER:CORE:DIST_MAT -
[-        ] NFC…CTER:ACCESSORY:FORMAT_DIST -
[-        ] NFC…GBACTER:ACCESSORY:DIST_MAT -
[-        ] NFC…ER:BIGBACTER:SUMMARY_TABLE -
[-        ] NFC…BIGBACTER:COMBINED_SUMMARY -
Plus 3 more processes waiting for tasks…

executor >  local (89)
[3d/878939] NFC…BACTER:BIGBACTER:TIMESTAMP | 1 of 1 ✔
[e5/2a3682] NFC…ET_CHECK (samplesheet.csv) | 1 of 1 ✔
[75/524990] NFC…EQTK_SEQ (2026LY-00069_T1) | 28 of 28 ✔
[79/ed4b76] NFC…ER:FASTP (2025LY-00194_T1) | 28 of 28 ✔
[25/7713d5] NFC…ASSEMBLY (2025LY-00194_T1) | 28 of 28 ✔
[98/806d87] NFC… (Acinetobacter_baumannii) | 1 of 1 ✔
[-        ] NFC…TER:CLUSTER:POPPUNK_VISUAL | 0 of 1
[-        ] NFC…ER:RESOLVE_MERGED_CLUSTERS -
[7c/7fb3ac] NFC…PY_SINGLE (2025LY00109_T1) | 0 of 27
[-        ] NFC…BIGBACTER:CORE:SNIPPY_CORE -
[-        ] NFC…TER:BIGBACTER:CORE:GUBBINS -
[-        ] NFC…TER:BIGBACTER:CORE:RAPIDNJ -
[-        ] NFC…CTER:BIGBACTER:CORE:IQTREE -
[-        ] NFC…R:BIGBACTER:CORE:SNP_DISTS -
[-        ] NFC…BIGBACTER:CORE:TREE_FIGURE -
[-        ] NFC…ER:BIGBACTER:CORE:DIST_MAT -
[-        ] NFC…CTER:ACCESSORY:FORMAT_DIST -
[-        ] NFC…GBACTER:ACCESSORY:DIST_MAT -
[-        ] NFC…ER:BIGBACTER:SUMMARY_TABLE -
[-        ] NFC…BIGBACTER:COMBINED_SUMMARY -
Plus 3 more processes waiting for tasks…

executor >  local (89)
[3d/878939] NFC…BACTER:BIGBACTER:TIMESTAMP | 1 of 1 ✔
[e5/2a3682] NFC…ET_CHECK (samplesheet.csv) | 1 of 1 ✔
[75/524990] NFC…EQTK_SEQ (2026LY-00069_T1) | 28 of 28 ✔
[79/ed4b76] NFC…ER:FASTP (2025LY-00194_T1) | 28 of 28 ✔
[25/7713d5] NFC…ASSEMBLY (2025LY-00194_T1) | 28 of 28 ✔
[98/806d87] NFC… (Acinetobacter_baumannii) | 1 of 1 ✔
[-        ] NFC…TER:CLUSTER:POPPUNK_VISUAL | 0 of 1
[-        ] NFC…ER:RESOLVE_MERGED_CLUSTERS -
[7c/7fb3ac] NFC…PY_SINGLE (2025LY00109_T1) | 0 of 28
[-        ] NFC…BIGBACTER:CORE:SNIPPY_CORE -
[-        ] NFC…TER:BIGBACTER:CORE:GUBBINS -
[-        ] NFC…TER:BIGBACTER:CORE:RAPIDNJ -
[-        ] NFC…CTER:BIGBACTER:CORE:IQTREE -
[-        ] NFC…R:BIGBACTER:CORE:SNP_DISTS -
[-        ] NFC…BIGBACTER:CORE:TREE_FIGURE -
[-        ] NFC…ER:BIGBACTER:CORE:DIST_MAT -
[-        ] NFC…CTER:ACCESSORY:FORMAT_DIST -
[-        ] NFC…GBACTER:ACCESSORY:DIST_MAT -
[-        ] NFC…ER:BIGBACTER:SUMMARY_TABLE -
[-        ] NFC…BIGBACTER:COMBINED_SUMMARY -
Plus 3 more processes waiting for tasks…

executor >  local (90)
[3d/878939] NFC…BACTER:BIGBACTER:TIMESTAMP | 1 of 1 ✔
[e5/2a3682] NFC…ET_CHECK (samplesheet.csv) | 1 of 1 ✔
[75/524990] NFC…EQTK_SEQ (2026LY-00069_T1) | 28 of 28 ✔
[79/ed4b76] NFC…ER:FASTP (2025LY-00194_T1) | 28 of 28 ✔
[25/7713d5] NFC…ASSEMBLY (2025LY-00194_T1) | 28 of 28 ✔
[98/806d87] NFC… (Acinetobacter_baumannii) | 1 of 1 ✔
[-        ] NFC…TER:CLUSTER:POPPUNK_VISUAL | 0 of 1
[-        ] NFC…ER:RESOLVE_MERGED_CLUSTERS -
[7c/7fb3ac] NFC…PY_SINGLE (2025LY00109_T1) | 1 of 28
[-        ] NFC…BIGBACTER:CORE:SNIPPY_CORE -
[-        ] NFC…TER:BIGBACTER:CORE:GUBBINS -
[-        ] NFC…TER:BIGBACTER:CORE:RAPIDNJ -
[-        ] NFC…CTER:BIGBACTER:CORE:IQTREE -
[-        ] NFC…R:BIGBACTER:CORE:SNP_DISTS -
[-        ] NFC…BIGBACTER:CORE:TREE_FIGURE -
[-        ] NFC…ER:BIGBACTER:CORE:DIST_MAT -
[-        ] NFC…CTER:ACCESSORY:FORMAT_DIST -
[-        ] NFC…GBACTER:ACCESSORY:DIST_MAT -
[-        ] NFC…ER:BIGBACTER:SUMMARY_TABLE -
[-        ] NFC…BIGBACTER:COMBINED_SUMMARY -
Plus 3 more processes waiting for tasks…

executor >  local (90)
[3d/878939] NFC…BACTER:BIGBACTER:TIMESTAMP | 1 of 1 ✔
[e5/2a3682] NFC…ET_CHECK (samplesheet.csv) | 1 of 1 ✔
[75/524990] NFC…EQTK_SEQ (2026LY-00069_T1) | 28 of 28 ✔
[79/ed4b76] NFC…ER:FASTP (2025LY-00194_T1) | 28 of 28 ✔
[25/7713d5] NFC…ASSEMBLY (2025LY-00194_T1) | 28 of 28 ✔
[98/806d87] NFC… (Acinetobacter_baumannii) | 1 of 1 ✔
[-        ] NFC…TER:CLUSTER:POPPUNK_VISUAL | 0 of 1
[-        ] NFC…ER:RESOLVE_MERGED_CLUSTERS -
[7c/7fb3ac] NFC…PY_SINGLE (2025LY00109_T1) | 1 of 28
[-        ] NFC…BIGBACTER:CORE:SNIPPY_CORE -
[-        ] NFC…TER:BIGBACTER:CORE:GUBBINS -
[-        ] NFC…TER:BIGBACTER:CORE:RAPIDNJ -
[-        ] NFC…CTER:BIGBACTER:CORE:IQTREE -
[-        ] NFC…R:BIGBACTER:CORE:SNP_DISTS -
[-        ] NFC…BIGBACTER:CORE:TREE_FIGURE -
[-        ] NFC…ER:BIGBACTER:CORE:DIST_MAT -
[-        ] NFC…CTER:ACCESSORY:FORMAT_DIST -
[-        ] NFC…GBACTER:ACCESSORY:DIST_MAT -
[-        ] NFC…ER:BIGBACTER:SUMMARY_TABLE -
[-        ] NFC…BIGBACTER:COMBINED_SUMMARY -
Plus 3 more processes waiting for tasks…

executor >  local (91)
[3d/878939] NFC…BACTER:BIGBACTER:TIMESTAMP | 1 of 1 ✔
[e5/2a3682] NFC…ET_CHECK (samplesheet.csv) | 1 of 1 ✔
[75/524990] NFC…EQTK_SEQ (2026LY-00069_T1) | 28 of 28 ✔
[79/ed4b76] NFC…ER:FASTP (2025LY-00194_T1) | 28 of 28 ✔
[25/7713d5] NFC…ASSEMBLY (2025LY-00194_T1) | 28 of 28 ✔
[98/806d87] NFC… (Acinetobacter_baumannii) | 1 of 1 ✔
[-        ] NFC…TER:CLUSTER:POPPUNK_VISUAL | 0 of 1
[-        ] NFC…ER:RESOLVE_MERGED_CLUSTERS -
[0d/6be438] NFC…Y_SINGLE (2026LY-00082_T1) | 2 of 28
[-        ] NFC…BIGBACTER:CORE:SNIPPY_CORE -
[-        ] NFC…TER:BIGBACTER:CORE:GUBBINS -
[-        ] NFC…TER:BIGBACTER:CORE:RAPIDNJ -
[-        ] NFC…CTER:BIGBACTER:CORE:IQTREE -
[-        ] NFC…R:BIGBACTER:CORE:SNP_DISTS -
[-        ] NFC…BIGBACTER:CORE:TREE_FIGURE -
[-        ] NFC…ER:BIGBACTER:CORE:DIST_MAT -
[-        ] NFC…CTER:ACCESSORY:FORMAT_DIST -
[-        ] NFC…GBACTER:ACCESSORY:DIST_MAT -
[-        ] NFC…ER:BIGBACTER:SUMMARY_TABLE -
[-        ] NFC…BIGBACTER:COMBINED_SUMMARY -
Plus 3 more processes waiting for tasks…

executor >  local (91)
[3d/878939] NFC…BACTER:BIGBACTER:TIMESTAMP | 1 of 1 ✔
[e5/2a3682] NFC…ET_CHECK (samplesheet.csv) | 1 of 1 ✔
[75/524990] NFC…EQTK_SEQ (2026LY-00069_T1) | 28 of 28 ✔
[79/ed4b76] NFC…ER:FASTP (2025LY-00194_T1) | 28 of 28 ✔
[25/7713d5] NFC…ASSEMBLY (2025LY-00194_T1) | 28 of 28 ✔
[98/806d87] NFC… (Acinetobacter_baumannii) | 1 of 1 ✔
[-        ] NFC…TER:CLUSTER:POPPUNK_VISUAL | 0 of 1
[-        ] NFC…ER:RESOLVE_MERGED_CLUSTERS -
[0d/6be438] NFC…Y_SINGLE (2026LY-00082_T1) | 2 of 28
[-        ] NFC…BIGBACTER:CORE:SNIPPY_CORE -
[-        ] NFC…TER:BIGBACTER:CORE:GUBBINS -
[-        ] NFC…TER:BIGBACTER:CORE:RAPIDNJ -
[-        ] NFC…CTER:BIGBACTER:CORE:IQTREE -
[-        ] NFC…R:BIGBACTER:CORE:SNP_DISTS -
[-        ] NFC…BIGBACTER:CORE:TREE_FIGURE -
[-        ] NFC…ER:BIGBACTER:CORE:DIST_MAT -
[-        ] NFC…CTER:ACCESSORY:FORMAT_DIST -
[-        ] NFC…GBACTER:ACCESSORY:DIST_MAT -
[-        ] NFC…ER:BIGBACTER:SUMMARY_TABLE -
[-        ] NFC…BIGBACTER:COMBINED_SUMMARY -
Plus 3 more processes waiting for tasks…

executor >  local (92)
[3d/878939] NFC…BACTER:BIGBACTER:TIMESTAMP | 1 of 1 ✔
[e5/2a3682] NFC…ET_CHECK (samplesheet.csv) | 1 of 1 ✔
[75/524990] NFC…EQTK_SEQ (2026LY-00069_T1) | 28 of 28 ✔
[79/ed4b76] NFC…ER:FASTP (2025LY-00194_T1) | 28 of 28 ✔
[25/7713d5] NFC…ASSEMBLY (2025LY-00194_T1) | 28 of 28 ✔
[98/806d87] NFC… (Acinetobacter_baumannii) | 1 of 1 ✔
[-        ] NFC…TER:CLUSTER:POPPUNK_VISUAL | 0 of 1
[-        ] NFC…ER:RESOLVE_MERGED_CLUSTERS -
[a6/02453f] NFC…Y_SINGLE (2026LY-00127_T1) | 3 of 28
[-        ] NFC…BIGBACTER:CORE:SNIPPY_CORE -
[-        ] NFC…TER:BIGBACTER:CORE:GUBBINS -
[-        ] NFC…TER:BIGBACTER:CORE:RAPIDNJ -
[-        ] NFC…CTER:BIGBACTER:CORE:IQTREE -
[-        ] NFC…R:BIGBACTER:CORE:SNP_DISTS -
[-        ] NFC…BIGBACTER:CORE:TREE_FIGURE -
[-        ] NFC…ER:BIGBACTER:CORE:DIST_MAT -
[-        ] NFC…CTER:ACCESSORY:FORMAT_DIST -
[-        ] NFC…GBACTER:ACCESSORY:DIST_MAT -
[-        ] NFC…ER:BIGBACTER:SUMMARY_TABLE -
[-        ] NFC…BIGBACTER:COMBINED_SUMMARY -
Plus 3 more processes waiting for tasks…

executor >  local (93)
[3d/878939] NFC…BACTER:BIGBACTER:TIMESTAMP | 1 of 1 ✔
[e5/2a3682] NFC…ET_CHECK (samplesheet.csv) | 1 of 1 ✔
[75/524990] NFC…EQTK_SEQ (2026LY-00069_T1) | 28 of 28 ✔
[79/ed4b76] NFC…ER:FASTP (2025LY-00194_T1) | 28 of 28 ✔
[25/7713d5] NFC…ASSEMBLY (2025LY-00194_T1) | 28 of 28 ✔
[98/806d87] NFC… (Acinetobacter_baumannii) | 1 of 1 ✔
[-        ] NFC…TER:CLUSTER:POPPUNK_VISUAL | 0 of 1
[-        ] NFC…ER:RESOLVE_MERGED_CLUSTERS -
[f8/29c8b9] NFC…Y_SINGLE (2025LY-00122_T1) | 4 of 28
[-        ] NFC…BIGBACTER:CORE:SNIPPY_CORE -
[-        ] NFC…TER:BIGBACTER:CORE:GUBBINS -
[-        ] NFC…TER:BIGBACTER:CORE:RAPIDNJ -
[-        ] NFC…CTER:BIGBACTER:CORE:IQTREE -
[-        ] NFC…R:BIGBACTER:CORE:SNP_DISTS -
[-        ] NFC…BIGBACTER:CORE:TREE_FIGURE -
[-        ] NFC…ER:BIGBACTER:CORE:DIST_MAT -
[-        ] NFC…CTER:ACCESSORY:FORMAT_DIST -
[-        ] NFC…GBACTER:ACCESSORY:DIST_MAT -
[-        ] NFC…ER:BIGBACTER:SUMMARY_TABLE -
[-        ] NFC…BIGBACTER:COMBINED_SUMMARY -
Plus 3 more processes waiting for tasks…

executor >  local (93)
[3d/878939] NFC…BACTER:BIGBACTER:TIMESTAMP | 1 of 1 ✔
[e5/2a3682] NFC…ET_CHECK (samplesheet.csv) | 1 of 1 ✔
[75/524990] NFC…EQTK_SEQ (2026LY-00069_T1) | 28 of 28 ✔
[79/ed4b76] NFC…ER:FASTP (2025LY-00194_T1) | 28 of 28 ✔
[25/7713d5] NFC…ASSEMBLY (2025LY-00194_T1) | 28 of 28 ✔
[98/806d87] NFC… (Acinetobacter_baumannii) | 1 of 1 ✔
[-        ] NFC…TER:CLUSTER:POPPUNK_VISUAL | 0 of 1
[-        ] NFC…ER:RESOLVE_MERGED_CLUSTERS -
[f8/29c8b9] NFC…Y_SINGLE (2025LY-00122_T1) | 4 of 28
[-        ] NFC…BIGBACTER:CORE:SNIPPY_CORE -
[-        ] NFC…TER:BIGBACTER:CORE:GUBBINS -
[-        ] NFC…TER:BIGBACTER:CORE:RAPIDNJ -
[-        ] NFC…CTER:BIGBACTER:CORE:IQTREE -
[-        ] NFC…R:BIGBACTER:CORE:SNP_DISTS -
[-        ] NFC…BIGBACTER:CORE:TREE_FIGURE -
[-        ] NFC…ER:BIGBACTER:CORE:DIST_MAT -
[-        ] NFC…CTER:ACCESSORY:FORMAT_DIST -
[-        ] NFC…GBACTER:ACCESSORY:DIST_MAT -
[-        ] NFC…ER:BIGBACTER:SUMMARY_TABLE -
[-        ] NFC…BIGBACTER:COMBINED_SUMMARY -
Plus 3 more processes waiting for tasks…

executor >  local (94)
[3d/878939] NFC…BACTER:BIGBACTER:TIMESTAMP | 1 of 1 ✔
[e5/2a3682] NFC…ET_CHECK (samplesheet.csv) | 1 of 1 ✔
[75/524990] NFC…EQTK_SEQ (2026LY-00069_T1) | 28 of 28 ✔
[79/ed4b76] NFC…ER:FASTP (2025LY-00194_T1) | 28 of 28 ✔
[25/7713d5] NFC…ASSEMBLY (2025LY-00194_T1) | 28 of 28 ✔
[98/806d87] NFC… (Acinetobacter_baumannii) | 1 of 1 ✔
[-        ] NFC…TER:CLUSTER:POPPUNK_VISUAL | 0 of 1
[-        ] NFC…ER:RESOLVE_MERGED_CLUSTERS -
[0d/6be438] NFC…Y_SINGLE (2026LY-00082_T1) | 5 of 28
[-        ] NFC…BIGBACTER:CORE:SNIPPY_CORE -
[-        ] NFC…TER:BIGBACTER:CORE:GUBBINS -
[-        ] NFC…TER:BIGBACTER:CORE:RAPIDNJ -
[-        ] NFC…CTER:BIGBACTER:CORE:IQTREE -
[-        ] NFC…R:BIGBACTER:CORE:SNP_DISTS -
[-        ] NFC…BIGBACTER:CORE:TREE_FIGURE -
[-        ] NFC…ER:BIGBACTER:CORE:DIST_MAT -
[-        ] NFC…CTER:ACCESSORY:FORMAT_DIST -
[-        ] NFC…GBACTER:ACCESSORY:DIST_MAT -
[-        ] NFC…ER:BIGBACTER:SUMMARY_TABLE -
[-        ] NFC…BIGBACTER:COMBINED_SUMMARY -
Plus 3 more processes waiting for tasks…

executor >  local (94)
[3d/878939] NFC…BACTER:BIGBACTER:TIMESTAMP | 1 of 1 ✔
[e5/2a3682] NFC…ET_CHECK (samplesheet.csv) | 1 of 1 ✔
[75/524990] NFC…EQTK_SEQ (2026LY-00069_T1) | 28 of 28 ✔
[79/ed4b76] NFC…ER:FASTP (2025LY-00194_T1) | 28 of 28 ✔
[25/7713d5] NFC…ASSEMBLY (2025LY-00194_T1) | 28 of 28 ✔
[98/806d87] NFC… (Acinetobacter_baumannii) | 1 of 1 ✔
[-        ] NFC…TER:CLUSTER:POPPUNK_VISUAL | 0 of 1
[-        ] NFC…ER:RESOLVE_MERGED_CLUSTERS -
[0d/6be438] NFC…Y_SINGLE (2026LY-00082_T1) | 5 of 28
[-        ] NFC…BIGBACTER:CORE:SNIPPY_CORE -
[-        ] NFC…TER:BIGBACTER:CORE:GUBBINS -
[-        ] NFC…TER:BIGBACTER:CORE:RAPIDNJ -
[-        ] NFC…CTER:BIGBACTER:CORE:IQTREE -
[-        ] NFC…R:BIGBACTER:CORE:SNP_DISTS -
[-        ] NFC…BIGBACTER:CORE:TREE_FIGURE -
[-        ] NFC…ER:BIGBACTER:CORE:DIST_MAT -
[-        ] NFC…CTER:ACCESSORY:FORMAT_DIST -
[-        ] NFC…GBACTER:ACCESSORY:DIST_MAT -
[-        ] NFC…ER:BIGBACTER:SUMMARY_TABLE -
[-        ] NFC…BIGBACTER:COMBINED_SUMMARY -
Plus 3 more processes waiting for tasks…

executor >  local (95)
[3d/878939] NFC…BACTER:BIGBACTER:TIMESTAMP | 1 of 1 ✔
[e5/2a3682] NFC…ET_CHECK (samplesheet.csv) | 1 of 1 ✔
[75/524990] NFC…EQTK_SEQ (2026LY-00069_T1) | 28 of 28 ✔
[79/ed4b76] NFC…ER:FASTP (2025LY-00194_T1) | 28 of 28 ✔
[25/7713d5] NFC…ASSEMBLY (2025LY-00194_T1) | 28 of 28 ✔
[98/806d87] NFC… (Acinetobacter_baumannii) | 1 of 1 ✔
[-        ] NFC…TER:CLUSTER:POPPUNK_VISUAL | 0 of 1
[-        ] NFC…ER:RESOLVE_MERGED_CLUSTERS -
[f6/2df270] NFC…Y_SINGLE (2026LY-00018_T1) | 5 of 28
[-        ] NFC…BIGBACTER:CORE:SNIPPY_CORE -
[-        ] NFC…TER:BIGBACTER:CORE:GUBBINS -
[-        ] NFC…TER:BIGBACTER:CORE:RAPIDNJ -
[-        ] NFC…CTER:BIGBACTER:CORE:IQTREE -
[-        ] NFC…R:BIGBACTER:CORE:SNP_DISTS -
[-        ] NFC…BIGBACTER:CORE:TREE_FIGURE -
[-        ] NFC…ER:BIGBACTER:CORE:DIST_MAT -
[-        ] NFC…CTER:ACCESSORY:FORMAT_DIST -
[-        ] NFC…GBACTER:ACCESSORY:DIST_MAT -
[-        ] NFC…ER:BIGBACTER:SUMMARY_TABLE -
[-        ] NFC…BIGBACTER:COMBINED_SUMMARY -
Plus 3 more processes waiting for tasks…

executor >  local (95)
[3d/878939] NFC…BACTER:BIGBACTER:TIMESTAMP | 1 of 1 ✔
[e5/2a3682] NFC…ET_CHECK (samplesheet.csv) | 1 of 1 ✔
[75/524990] NFC…EQTK_SEQ (2026LY-00069_T1) | 28 of 28 ✔
[79/ed4b76] NFC…ER:FASTP (2025LY-00194_T1) | 28 of 28 ✔
[25/7713d5] NFC…ASSEMBLY (2025LY-00194_T1) | 28 of 28 ✔
[98/806d87] NFC… (Acinetobacter_baumannii) | 1 of 1 ✔
[-        ] NFC…TER:CLUSTER:POPPUNK_VISUAL | 0 of 1
[-        ] NFC…ER:RESOLVE_MERGED_CLUSTERS -
[c8/305f47] NFC…PY_SINGLE (2025LY00111_T1) | 6 of 28
[-        ] NFC…BIGBACTER:CORE:SNIPPY_CORE -
[-        ] NFC…TER:BIGBACTER:CORE:GUBBINS -
[-        ] NFC…TER:BIGBACTER:CORE:RAPIDNJ -
[-        ] NFC…CTER:BIGBACTER:CORE:IQTREE -
[-        ] NFC…R:BIGBACTER:CORE:SNP_DISTS -
[-        ] NFC…BIGBACTER:CORE:TREE_FIGURE -
[-        ] NFC…ER:BIGBACTER:CORE:DIST_MAT -
[-        ] NFC…CTER:ACCESSORY:FORMAT_DIST -
[-        ] NFC…GBACTER:ACCESSORY:DIST_MAT -
[-        ] NFC…ER:BIGBACTER:SUMMARY_TABLE -
[-        ] NFC…BIGBACTER:COMBINED_SUMMARY -
Plus 3 more processes waiting for tasks…

executor >  local (96)
[3d/878939] NFC…BACTER:BIGBACTER:TIMESTAMP | 1 of 1 ✔
[e5/2a3682] NFC…ET_CHECK (samplesheet.csv) | 1 of 1 ✔
[75/524990] NFC…EQTK_SEQ (2026LY-00069_T1) | 28 of 28 ✔
[79/ed4b76] NFC…ER:FASTP (2025LY-00194_T1) | 28 of 28 ✔
[25/7713d5] NFC…ASSEMBLY (2025LY-00194_T1) | 28 of 28 ✔
[98/806d87] NFC… (Acinetobacter_baumannii) | 1 of 1 ✔
[42/01cc30] NFC… (Acinetobacter_baumannii) | 0 of 1
[-        ] NFC…ER:RESOLVE_MERGED_CLUSTERS -
[b6/777f84] NFC…Y_SINGLE (2026LY-00034_T1) | 7 of 28
[-        ] NFC…BIGBACTER:CORE:SNIPPY_CORE -
[-        ] NFC…TER:BIGBACTER:CORE:GUBBINS -
[-        ] NFC…TER:BIGBACTER:CORE:RAPIDNJ -
[-        ] NFC…CTER:BIGBACTER:CORE:IQTREE -
[-        ] NFC…R:BIGBACTER:CORE:SNP_DISTS -
[-        ] NFC…BIGBACTER:CORE:TREE_FIGURE -
[-        ] NFC…ER:BIGBACTER:CORE:DIST_MAT -
[-        ] NFC…CTER:ACCESSORY:FORMAT_DIST -
[-        ] NFC…GBACTER:ACCESSORY:DIST_MAT -
[-        ] NFC…ER:BIGBACTER:SUMMARY_TABLE -
[-        ] NFC…BIGBACTER:COMBINED_SUMMARY -
Plus 3 more processes waiting for tasks…

executor >  local (96)
[3d/878939] NFC…BACTER:BIGBACTER:TIMESTAMP | 1 of 1 ✔
[e5/2a3682] NFC…ET_CHECK (samplesheet.csv) | 1 of 1 ✔
[75/524990] NFC…EQTK_SEQ (2026LY-00069_T1) | 28 of 28 ✔
[79/ed4b76] NFC…ER:FASTP (2025LY-00194_T1) | 28 of 28 ✔
[25/7713d5] NFC…ASSEMBLY (2025LY-00194_T1) | 28 of 28 ✔
[98/806d87] NFC… (Acinetobacter_baumannii) | 1 of 1 ✔
[42/01cc30] NFC… (Acinetobacter_baumannii) | 0 of 1
[-        ] NFC…ER:RESOLVE_MERGED_CLUSTERS -
[b6/777f84] NFC…Y_SINGLE (2026LY-00034_T1) | 7 of 28
[-        ] NFC…BIGBACTER:CORE:SNIPPY_CORE -
[-        ] NFC…TER:BIGBACTER:CORE:GUBBINS -
[-        ] NFC…TER:BIGBACTER:CORE:RAPIDNJ -
[-        ] NFC…CTER:BIGBACTER:CORE:IQTREE -
[-        ] NFC…R:BIGBACTER:CORE:SNP_DISTS -
[-        ] NFC…BIGBACTER:CORE:TREE_FIGURE -
[-        ] NFC…ER:BIGBACTER:CORE:DIST_MAT -
[-        ] NFC…CTER:ACCESSORY:FORMAT_DIST -
[-        ] NFC…GBACTER:ACCESSORY:DIST_MAT -
[-        ] NFC…ER:BIGBACTER:SUMMARY_TABLE -
[-        ] NFC…BIGBACTER:COMBINED_SUMMARY -
Plus 3 more processes waiting for tasks…

executor >  local (97)
[3d/878939] NFC…BACTER:BIGBACTER:TIMESTAMP | 1 of 1 ✔
[e5/2a3682] NFC…ET_CHECK (samplesheet.csv) | 1 of 1 ✔
[75/524990] NFC…EQTK_SEQ (2026LY-00069_T1) | 28 of 28 ✔
[79/ed4b76] NFC…ER:FASTP (2025LY-00194_T1) | 28 of 28 ✔
[25/7713d5] NFC…ASSEMBLY (2025LY-00194_T1) | 28 of 28 ✔
[98/806d87] NFC… (Acinetobacter_baumannii) | 1 of 1 ✔
[42/01cc30] NFC… (Acinetobacter_baumannii) | 1 of 1 ✔
[-        ] NFC…ER:RESOLVE_MERGED_CLUSTERS -
[22/936be8] NFC…Y_SINGLE (2025LY-00212_T1) | 7 of 28
[-        ] NFC…BIGBACTER:CORE:SNIPPY_CORE -
[-        ] NFC…TER:BIGBACTER:CORE:GUBBINS -
[-        ] NFC…TER:BIGBACTER:CORE:RAPIDNJ -
[-        ] NFC…CTER:BIGBACTER:CORE:IQTREE -
[-        ] NFC…R:BIGBACTER:CORE:SNP_DISTS -
[-        ] NFC…BIGBACTER:CORE:TREE_FIGURE -
[-        ] NFC…ER:BIGBACTER:CORE:DIST_MAT -
[-        ] NFC…CTER:ACCESSORY:FORMAT_DIST -
[-        ] NFC…GBACTER:ACCESSORY:DIST_MAT -
[-        ] NFC…ER:BIGBACTER:SUMMARY_TABLE -
[-        ] NFC…BIGBACTER:COMBINED_SUMMARY -
Plus 3 more processes waiting for tasks…

executor >  local (98)
[3d/878939] NFC…BACTER:BIGBACTER:TIMESTAMP | 1 of 1 ✔
[e5/2a3682] NFC…ET_CHECK (samplesheet.csv) | 1 of 1 ✔
[75/524990] NFC…EQTK_SEQ (2026LY-00069_T1) | 28 of 28 ✔
[79/ed4b76] NFC…ER:FASTP (2025LY-00194_T1) | 28 of 28 ✔
[25/7713d5] NFC…ASSEMBLY (2025LY-00194_T1) | 28 of 28 ✔
[98/806d87] NFC… (Acinetobacter_baumannii) | 1 of 1 ✔
[42/01cc30] NFC… (Acinetobacter_baumannii) | 1 of 1 ✔
[-        ] NFC…ER:RESOLVE_MERGED_CLUSTERS -
[f6/2df270] NFC…Y_SINGLE (2026LY-00018_T1) | 8 of 28
[-        ] NFC…BIGBACTER:CORE:SNIPPY_CORE -
[-        ] NFC…TER:BIGBACTER:CORE:GUBBINS -
[-        ] NFC…TER:BIGBACTER:CORE:RAPIDNJ -
[-        ] NFC…CTER:BIGBACTER:CORE:IQTREE -
[-        ] NFC…R:BIGBACTER:CORE:SNP_DISTS -
[-        ] NFC…BIGBACTER:CORE:TREE_FIGURE -
[-        ] NFC…ER:BIGBACTER:CORE:DIST_MAT -
[-        ] NFC…CTER:ACCESSORY:FORMAT_DIST -
[-        ] NFC…GBACTER:ACCESSORY:DIST_MAT -
[-        ] NFC…ER:BIGBACTER:SUMMARY_TABLE -
[-        ] NFC…BIGBACTER:COMBINED_SUMMARY -
Plus 3 more processes waiting for tasks…

executor >  local (99)
[3d/878939] NFC…BACTER:BIGBACTER:TIMESTAMP | 1 of 1 ✔
[e5/2a3682] NFC…ET_CHECK (samplesheet.csv) | 1 of 1 ✔
[75/524990] NFC…EQTK_SEQ (2026LY-00069_T1) | 28 of 28 ✔
[79/ed4b76] NFC…ER:FASTP (2025LY-00194_T1) | 28 of 28 ✔
[25/7713d5] NFC…ASSEMBLY (2025LY-00194_T1) | 28 of 28 ✔
[98/806d87] NFC… (Acinetobacter_baumannii) | 1 of 1 ✔
[42/01cc30] NFC… (Acinetobacter_baumannii) | 1 of 1 ✔
[-        ] NFC…ER:RESOLVE_MERGED_CLUSTERS -
[22/936be8] NFC…Y_SINGLE (2025LY-00212_T1) | 9 of 28
[-        ] NFC…BIGBACTER:CORE:SNIPPY_CORE -
[-        ] NFC…TER:BIGBACTER:CORE:GUBBINS -
[-        ] NFC…TER:BIGBACTER:CORE:RAPIDNJ -
[-        ] NFC…CTER:BIGBACTER:CORE:IQTREE -
[-        ] NFC…R:BIGBACTER:CORE:SNP_DISTS -
[-        ] NFC…BIGBACTER:CORE:TREE_FIGURE -
[-        ] NFC…ER:BIGBACTER:CORE:DIST_MAT -
[-        ] NFC…CTER:ACCESSORY:FORMAT_DIST -
[-        ] NFC…GBACTER:ACCESSORY:DIST_MAT -
[-        ] NFC…ER:BIGBACTER:SUMMARY_TABLE -
[-        ] NFC…BIGBACTER:COMBINED_SUMMARY -
Plus 3 more processes waiting for tasks…

executor >  local (99)
[3d/878939] NFC…BACTER:BIGBACTER:TIMESTAMP | 1 of 1 ✔
[e5/2a3682] NFC…ET_CHECK (samplesheet.csv) | 1 of 1 ✔
[75/524990] NFC…EQTK_SEQ (2026LY-00069_T1) | 28 of 28 ✔
[79/ed4b76] NFC…ER:FASTP (2025LY-00194_T1) | 28 of 28 ✔
[25/7713d5] NFC…ASSEMBLY (2025LY-00194_T1) | 28 of 28 ✔
[98/806d87] NFC… (Acinetobacter_baumannii) | 1 of 1 ✔
[42/01cc30] NFC… (Acinetobacter_baumannii) | 1 of 1 ✔
[-        ] NFC…ER:RESOLVE_MERGED_CLUSTERS -
[22/936be8] NFC…Y_SINGLE (2025LY-00212_T1) | 9 of 28
[-        ] NFC…BIGBACTER:CORE:SNIPPY_CORE -
[-        ] NFC…TER:BIGBACTER:CORE:GUBBINS -
[-        ] NFC…TER:BIGBACTER:CORE:RAPIDNJ -
[-        ] NFC…CTER:BIGBACTER:CORE:IQTREE -
[-        ] NFC…R:BIGBACTER:CORE:SNP_DISTS -
[-        ] NFC…BIGBACTER:CORE:TREE_FIGURE -
[-        ] NFC…ER:BIGBACTER:CORE:DIST_MAT -
[-        ] NFC…CTER:ACCESSORY:FORMAT_DIST -
[-        ] NFC…GBACTER:ACCESSORY:DIST_MAT -
[-        ] NFC…ER:BIGBACTER:SUMMARY_TABLE -
[-        ] NFC…BIGBACTER:COMBINED_SUMMARY -
Plus 3 more processes waiting for tasks…

executor >  local (100)
[3d/878939] NFC…BACTER:BIGBACTER:TIMESTAMP | 1 of 1 ✔
[e5/2a3682] NFC…ET_CHECK (samplesheet.csv) | 1 of 1 ✔
[75/524990] NFC…EQTK_SEQ (2026LY-00069_T1) | 28 of 28 ✔
[79/ed4b76] NFC…ER:FASTP (2025LY-00194_T1) | 28 of 28 ✔
[25/7713d5] NFC…ASSEMBLY (2025LY-00194_T1) | 28 of 28 ✔
[98/806d87] NFC… (Acinetobacter_baumannii) | 1 of 1 ✔
[42/01cc30] NFC… (Acinetobacter_baumannii) | 1 of 1 ✔
[-        ] NFC…ER:RESOLVE_MERGED_CLUSTERS -
[16/89f1c3] NFC…Y_SINGLE (2025LY-00194_T1) | 9 of 28
[-        ] NFC…BIGBACTER:CORE:SNIPPY_CORE -
[-        ] NFC…TER:BIGBACTER:CORE:GUBBINS -
[-        ] NFC…TER:BIGBACTER:CORE:RAPIDNJ -
[-        ] NFC…CTER:BIGBACTER:CORE:IQTREE -
[-        ] NFC…R:BIGBACTER:CORE:SNP_DISTS -
[-        ] NFC…BIGBACTER:CORE:TREE_FIGURE -
[-        ] NFC…ER:BIGBACTER:CORE:DIST_MAT -
[-        ] NFC…CTER:ACCESSORY:FORMAT_DIST -
[-        ] NFC…GBACTER:ACCESSORY:DIST_MAT -
[-        ] NFC…ER:BIGBACTER:SUMMARY_TABLE -
[-        ] NFC…BIGBACTER:COMBINED_SUMMARY -
Plus 3 more processes waiting for tasks…

executor >  local (100)
[3d/878939] NFC…BACTER:BIGBACTER:TIMESTAMP | 1 of 1 ✔
[e5/2a3682] NFC…ET_CHECK (samplesheet.csv) | 1 of 1 ✔
[75/524990] NFC…EQTK_SEQ (2026LY-00069_T1) | 28 of 28 ✔
[79/ed4b76] NFC…ER:FASTP (2025LY-00194_T1) | 28 of 28 ✔
[25/7713d5] NFC…ASSEMBLY (2025LY-00194_T1) | 28 of 28 ✔
[98/806d87] NFC… (Acinetobacter_baumannii) | 1 of 1 ✔
[42/01cc30] NFC… (Acinetobacter_baumannii) | 1 of 1 ✔
[-        ] NFC…ER:RESOLVE_MERGED_CLUSTERS -
[89/94d201] NFC…PY_SINGLE (2025LY00106_T1) | 10 of 28
[-        ] NFC…BIGBACTER:CORE:SNIPPY_CORE -
[-        ] NFC…TER:BIGBACTER:CORE:GUBBINS -
[-        ] NFC…TER:BIGBACTER:CORE:RAPIDNJ -
[-        ] NFC…CTER:BIGBACTER:CORE:IQTREE -
[-        ] NFC…R:BIGBACTER:CORE:SNP_DISTS -
[-        ] NFC…BIGBACTER:CORE:TREE_FIGURE -
[-        ] NFC…ER:BIGBACTER:CORE:DIST_MAT -
[-        ] NFC…CTER:ACCESSORY:FORMAT_DIST -
[-        ] NFC…GBACTER:ACCESSORY:DIST_MAT -
[-        ] NFC…ER:BIGBACTER:SUMMARY_TABLE -
[-        ] NFC…BIGBACTER:COMBINED_SUMMARY -
Plus 3 more processes waiting for tasks…

executor >  local (101)
[3d/878939] NFC…BACTER:BIGBACTER:TIMESTAMP | 1 of 1 ✔
[e5/2a3682] NFC…ET_CHECK (samplesheet.csv) | 1 of 1 ✔
[75/524990] NFC…EQTK_SEQ (2026LY-00069_T1) | 28 of 28 ✔
[79/ed4b76] NFC…ER:FASTP (2025LY-00194_T1) | 28 of 28 ✔
[25/7713d5] NFC…ASSEMBLY (2025LY-00194_T1) | 28 of 28 ✔
[98/806d87] NFC… (Acinetobacter_baumannii) | 1 of 1 ✔
[42/01cc30] NFC… (Acinetobacter_baumannii) | 1 of 1 ✔
[-        ] NFC…ER:RESOLVE_MERGED_CLUSTERS -
[b9/d51cad] NFC…Y_SINGLE (2026LY-00069_T1) | 11 of 28
[-        ] NFC…BIGBACTER:CORE:SNIPPY_CORE -
[-        ] NFC…TER:BIGBACTER:CORE:GUBBINS -
[-        ] NFC…TER:BIGBACTER:CORE:RAPIDNJ -
[-        ] NFC…CTER:BIGBACTER:CORE:IQTREE -
[-        ] NFC…R:BIGBACTER:CORE:SNP_DISTS -
[-        ] NFC…BIGBACTER:CORE:TREE_FIGURE -
[-        ] NFC…ER:BIGBACTER:CORE:DIST_MAT -
[-        ] NFC…CTER:ACCESSORY:FORMAT_DIST -
[-        ] NFC…GBACTER:ACCESSORY:DIST_MAT -
[-        ] NFC…ER:BIGBACTER:SUMMARY_TABLE -
[-        ] NFC…BIGBACTER:COMBINED_SUMMARY -
Plus 3 more processes waiting for tasks…

executor >  local (102)
[3d/878939] NFC…BACTER:BIGBACTER:TIMESTAMP | 1 of 1 ✔
[e5/2a3682] NFC…ET_CHECK (samplesheet.csv) | 1 of 1 ✔
[75/524990] NFC…EQTK_SEQ (2026LY-00069_T1) | 28 of 28 ✔
[79/ed4b76] NFC…ER:FASTP (2025LY-00194_T1) | 28 of 28 ✔
[25/7713d5] NFC…ASSEMBLY (2025LY-00194_T1) | 28 of 28 ✔
[98/806d87] NFC… (Acinetobacter_baumannii) | 1 of 1 ✔
[42/01cc30] NFC… (Acinetobacter_baumannii) | 1 of 1 ✔
[-        ] NFC…ER:RESOLVE_MERGED_CLUSTERS -
[b9/d51cad] NFC…Y_SINGLE (2026LY-00069_T1) | 12 of 28
[-        ] NFC…BIGBACTER:CORE:SNIPPY_CORE -
[-        ] NFC…TER:BIGBACTER:CORE:GUBBINS -
[-        ] NFC…TER:BIGBACTER:CORE:RAPIDNJ -
[-        ] NFC…CTER:BIGBACTER:CORE:IQTREE -
[-        ] NFC…R:BIGBACTER:CORE:SNP_DISTS -
[-        ] NFC…BIGBACTER:CORE:TREE_FIGURE -
[-        ] NFC…ER:BIGBACTER:CORE:DIST_MAT -
[-        ] NFC…CTER:ACCESSORY:FORMAT_DIST -
[-        ] NFC…GBACTER:ACCESSORY:DIST_MAT -
[-        ] NFC…ER:BIGBACTER:SUMMARY_TABLE -
[-        ] NFC…BIGBACTER:COMBINED_SUMMARY -
Plus 3 more processes waiting for tasks…

executor >  local (103)
[3d/878939] NFC…BACTER:BIGBACTER:TIMESTAMP | 1 of 1 ✔
[e5/2a3682] NFC…ET_CHECK (samplesheet.csv) | 1 of 1 ✔
[75/524990] NFC…EQTK_SEQ (2026LY-00069_T1) | 28 of 28 ✔
[79/ed4b76] NFC…ER:FASTP (2025LY-00194_T1) | 28 of 28 ✔
[25/7713d5] NFC…ASSEMBLY (2025LY-00194_T1) | 28 of 28 ✔
[98/806d87] NFC… (Acinetobacter_baumannii) | 1 of 1 ✔
[42/01cc30] NFC… (Acinetobacter_baumannii) | 1 of 1 ✔
[-        ] NFC…ER:RESOLVE_MERGED_CLUSTERS -
[16/89f1c3] NFC…Y_SINGLE (2025LY-00194_T1) | 13 of 28
[-        ] NFC…BIGBACTER:CORE:SNIPPY_CORE -
[-        ] NFC…TER:BIGBACTER:CORE:GUBBINS -
[-        ] NFC…TER:BIGBACTER:CORE:RAPIDNJ -
[-        ] NFC…CTER:BIGBACTER:CORE:IQTREE -
[-        ] NFC…R:BIGBACTER:CORE:SNP_DISTS -
[-        ] NFC…BIGBACTER:CORE:TREE_FIGURE -
[-        ] NFC…ER:BIGBACTER:CORE:DIST_MAT -
[-        ] NFC…CTER:ACCESSORY:FORMAT_DIST -
[-        ] NFC…GBACTER:ACCESSORY:DIST_MAT -
[-        ] NFC…ER:BIGBACTER:SUMMARY_TABLE -
[-        ] NFC…BIGBACTER:COMBINED_SUMMARY -
Plus 3 more processes waiting for tasks…

executor >  local (104)
[3d/878939] NFC…BACTER:BIGBACTER:TIMESTAMP | 1 of 1 ✔
[e5/2a3682] NFC…ET_CHECK (samplesheet.csv) | 1 of 1 ✔
[75/524990] NFC…EQTK_SEQ (2026LY-00069_T1) | 28 of 28 ✔
[79/ed4b76] NFC…ER:FASTP (2025LY-00194_T1) | 28 of 28 ✔
[25/7713d5] NFC…ASSEMBLY (2025LY-00194_T1) | 28 of 28 ✔
[98/806d87] NFC… (Acinetobacter_baumannii) | 1 of 1 ✔
[42/01cc30] NFC… (Acinetobacter_baumannii) | 1 of 1 ✔
[-        ] NFC…ER:RESOLVE_MERGED_CLUSTERS -
[45/0282fd] NFC…Y_SINGLE (2025LY-00129_T1) | 14 of 28
[-        ] NFC…BIGBACTER:CORE:SNIPPY_CORE -
[-        ] NFC…TER:BIGBACTER:CORE:GUBBINS -
[-        ] NFC…TER:BIGBACTER:CORE:RAPIDNJ -
[-        ] NFC…CTER:BIGBACTER:CORE:IQTREE -
[-        ] NFC…R:BIGBACTER:CORE:SNP_DISTS -
[-        ] NFC…BIGBACTER:CORE:TREE_FIGURE -
[-        ] NFC…ER:BIGBACTER:CORE:DIST_MAT -
[-        ] NFC…CTER:ACCESSORY:FORMAT_DIST -
[-        ] NFC…GBACTER:ACCESSORY:DIST_MAT -
[-        ] NFC…ER:BIGBACTER:SUMMARY_TABLE -
[-        ] NFC…BIGBACTER:COMBINED_SUMMARY -
Plus 3 more processes waiting for tasks…

executor >  local (105)
[3d/878939] NFC…BACTER:BIGBACTER:TIMESTAMP | 1 of 1 ✔
[e5/2a3682] NFC…ET_CHECK (samplesheet.csv) | 1 of 1 ✔
[75/524990] NFC…EQTK_SEQ (2026LY-00069_T1) | 28 of 28 ✔
[79/ed4b76] NFC…ER:FASTP (2025LY-00194_T1) | 28 of 28 ✔
[25/7713d5] NFC…ASSEMBLY (2025LY-00194_T1) | 28 of 28 ✔
[98/806d87] NFC… (Acinetobacter_baumannii) | 1 of 1 ✔
[42/01cc30] NFC… (Acinetobacter_baumannii) | 1 of 1 ✔
[-        ] NFC…ER:RESOLVE_MERGED_CLUSTERS -
[f0/36344b] NFC…Y_SINGLE (2026LY-00019_T1) | 15 of 28
[-        ] NFC…BIGBACTER:CORE:SNIPPY_CORE -
[-        ] NFC…TER:BIGBACTER:CORE:GUBBINS -
[-        ] NFC…TER:BIGBACTER:CORE:RAPIDNJ -
[-        ] NFC…CTER:BIGBACTER:CORE:IQTREE -
[-        ] NFC…R:BIGBACTER:CORE:SNP_DISTS -
[-        ] NFC…BIGBACTER:CORE:TREE_FIGURE -
[-        ] NFC…ER:BIGBACTER:CORE:DIST_MAT -
[-        ] NFC…CTER:ACCESSORY:FORMAT_DIST -
[-        ] NFC…GBACTER:ACCESSORY:DIST_MAT -
[-        ] NFC…ER:BIGBACTER:SUMMARY_TABLE -
[-        ] NFC…BIGBACTER:COMBINED_SUMMARY -
Plus 3 more processes waiting for tasks…

executor >  local (106)
[3d/878939] NFC…BACTER:BIGBACTER:TIMESTAMP | 1 of 1 ✔
[e5/2a3682] NFC…ET_CHECK (samplesheet.csv) | 1 of 1 ✔
[75/524990] NFC…EQTK_SEQ (2026LY-00069_T1) | 28 of 28 ✔
[79/ed4b76] NFC…ER:FASTP (2025LY-00194_T1) | 28 of 28 ✔
[25/7713d5] NFC…ASSEMBLY (2025LY-00194_T1) | 28 of 28 ✔
[98/806d87] NFC… (Acinetobacter_baumannii) | 1 of 1 ✔
[42/01cc30] NFC… (Acinetobacter_baumannii) | 1 of 1 ✔
[-        ] NFC…ER:RESOLVE_MERGED_CLUSTERS -
[79/162bcb] NFC…Y_SINGLE (2026LY-00130_T1) | 15 of 28
[-        ] NFC…BIGBACTER:CORE:SNIPPY_CORE -
[-        ] NFC…TER:BIGBACTER:CORE:GUBBINS -
[-        ] NFC…TER:BIGBACTER:CORE:RAPIDNJ -
[-        ] NFC…CTER:BIGBACTER:CORE:IQTREE -
[-        ] NFC…R:BIGBACTER:CORE:SNP_DISTS -
[-        ] NFC…BIGBACTER:CORE:TREE_FIGURE -
[-        ] NFC…ER:BIGBACTER:CORE:DIST_MAT -
[-        ] NFC…CTER:ACCESSORY:FORMAT_DIST -
[-        ] NFC…GBACTER:ACCESSORY:DIST_MAT -
[-        ] NFC…ER:BIGBACTER:SUMMARY_TABLE -
[-        ] NFC…BIGBACTER:COMBINED_SUMMARY -
Plus 3 more processes waiting for tasks…

executor >  local (106)
[3d/878939] NFC…BACTER:BIGBACTER:TIMESTAMP | 1 of 1 ✔
[e5/2a3682] NFC…ET_CHECK (samplesheet.csv) | 1 of 1 ✔
[75/524990] NFC…EQTK_SEQ (2026LY-00069_T1) | 28 of 28 ✔
[79/ed4b76] NFC…ER:FASTP (2025LY-00194_T1) | 28 of 28 ✔
[25/7713d5] NFC…ASSEMBLY (2025LY-00194_T1) | 28 of 28 ✔
[98/806d87] NFC… (Acinetobacter_baumannii) | 1 of 1 ✔
[42/01cc30] NFC… (Acinetobacter_baumannii) | 1 of 1 ✔
[-        ] NFC…ER:RESOLVE_MERGED_CLUSTERS -
[d3/7d7b9f] NFC…Y_SINGLE (2025LY-00204_T1) | 16 of 28
[-        ] NFC…BIGBACTER:CORE:SNIPPY_CORE -
[-        ] NFC…TER:BIGBACTER:CORE:GUBBINS -
[-        ] NFC…TER:BIGBACTER:CORE:RAPIDNJ -
[-        ] NFC…CTER:BIGBACTER:CORE:IQTREE -
[-        ] NFC…R:BIGBACTER:CORE:SNP_DISTS -
[-        ] NFC…BIGBACTER:CORE:TREE_FIGURE -
[-        ] NFC…ER:BIGBACTER:CORE:DIST_MAT -
[-        ] NFC…CTER:ACCESSORY:FORMAT_DIST -
[-        ] NFC…GBACTER:ACCESSORY:DIST_MAT -
[-        ] NFC…ER:BIGBACTER:SUMMARY_TABLE -
[-        ] NFC…BIGBACTER:COMBINED_SUMMARY -
Plus 3 more processes waiting for tasks…

executor >  local (107)
[3d/878939] NFC…BACTER:BIGBACTER:TIMESTAMP | 1 of 1 ✔
[e5/2a3682] NFC…ET_CHECK (samplesheet.csv) | 1 of 1 ✔
[75/524990] NFC…EQTK_SEQ (2026LY-00069_T1) | 28 of 28 ✔
[79/ed4b76] NFC…ER:FASTP (2025LY-00194_T1) | 28 of 28 ✔
[25/7713d5] NFC…ASSEMBLY (2025LY-00194_T1) | 28 of 28 ✔
[98/806d87] NFC… (Acinetobacter_baumannii) | 1 of 1 ✔
[42/01cc30] NFC… (Acinetobacter_baumannii) | 1 of 1 ✔
[-        ] NFC…ER:RESOLVE_MERGED_CLUSTERS -
[36/142b2f] NFC…Y_SINGLE (2025LY-00205_T1) | 17 of 28
[-        ] NFC…BIGBACTER:CORE:SNIPPY_CORE -
[-        ] NFC…TER:BIGBACTER:CORE:GUBBINS -
[-        ] NFC…TER:BIGBACTER:CORE:RAPIDNJ -
[-        ] NFC…CTER:BIGBACTER:CORE:IQTREE -
[-        ] NFC…R:BIGBACTER:CORE:SNP_DISTS -
[-        ] NFC…BIGBACTER:CORE:TREE_FIGURE -
[-        ] NFC…ER:BIGBACTER:CORE:DIST_MAT -
[-        ] NFC…CTER:ACCESSORY:FORMAT_DIST -
[-        ] NFC…GBACTER:ACCESSORY:DIST_MAT -
[-        ] NFC…ER:BIGBACTER:SUMMARY_TABLE -
[-        ] NFC…BIGBACTER:COMBINED_SUMMARY -
Plus 3 more processes waiting for tasks…

executor >  local (107)
[3d/878939] NFC…BACTER:BIGBACTER:TIMESTAMP | 1 of 1 ✔
[e5/2a3682] NFC…ET_CHECK (samplesheet.csv) | 1 of 1 ✔
[75/524990] NFC…EQTK_SEQ (2026LY-00069_T1) | 28 of 28 ✔
[79/ed4b76] NFC…ER:FASTP (2025LY-00194_T1) | 28 of 28 ✔
[25/7713d5] NFC…ASSEMBLY (2025LY-00194_T1) | 28 of 28 ✔
[98/806d87] NFC… (Acinetobacter_baumannii) | 1 of 1 ✔
[42/01cc30] NFC… (Acinetobacter_baumannii) | 1 of 1 ✔
[-        ] NFC…ER:RESOLVE_MERGED_CLUSTERS -
[79/162bcb] NFC…Y_SINGLE (2026LY-00130_T1) | 18 of 28
[-        ] NFC…BIGBACTER:CORE:SNIPPY_CORE -
[-        ] NFC…TER:BIGBACTER:CORE:GUBBINS -
[-        ] NFC…TER:BIGBACTER:CORE:RAPIDNJ -
[-        ] NFC…CTER:BIGBACTER:CORE:IQTREE -
[-        ] NFC…R:BIGBACTER:CORE:SNP_DISTS -
[-        ] NFC…BIGBACTER:CORE:TREE_FIGURE -
[-        ] NFC…ER:BIGBACTER:CORE:DIST_MAT -
[-        ] NFC…CTER:ACCESSORY:FORMAT_DIST -
[-        ] NFC…GBACTER:ACCESSORY:DIST_MAT -
[-        ] NFC…ER:BIGBACTER:SUMMARY_TABLE -
[-        ] NFC…BIGBACTER:COMBINED_SUMMARY -
Plus 3 more processes waiting for tasks…

executor >  local (108)
[3d/878939] NFC…BACTER:BIGBACTER:TIMESTAMP | 1 of 1 ✔
[e5/2a3682] NFC…ET_CHECK (samplesheet.csv) | 1 of 1 ✔
[75/524990] NFC…EQTK_SEQ (2026LY-00069_T1) | 28 of 28 ✔
[79/ed4b76] NFC…ER:FASTP (2025LY-00194_T1) | 28 of 28 ✔
[25/7713d5] NFC…ASSEMBLY (2025LY-00194_T1) | 28 of 28 ✔
[98/806d87] NFC… (Acinetobacter_baumannii) | 1 of 1 ✔
[42/01cc30] NFC… (Acinetobacter_baumannii) | 1 of 1 ✔
[-        ] NFC…ER:RESOLVE_MERGED_CLUSTERS -
[61/4c9213] NFC…PY_SINGLE (2025LY00107_T1) | 18 of 28
[-        ] NFC…BIGBACTER:CORE:SNIPPY_CORE -
[-        ] NFC…TER:BIGBACTER:CORE:GUBBINS -
[-        ] NFC…TER:BIGBACTER:CORE:RAPIDNJ -
[-        ] NFC…CTER:BIGBACTER:CORE:IQTREE -
[-        ] NFC…R:BIGBACTER:CORE:SNP_DISTS -
[-        ] NFC…BIGBACTER:CORE:TREE_FIGURE -
[-        ] NFC…ER:BIGBACTER:CORE:DIST_MAT -
[-        ] NFC…CTER:ACCESSORY:FORMAT_DIST -
[-        ] NFC…GBACTER:ACCESSORY:DIST_MAT -
[-        ] NFC…ER:BIGBACTER:SUMMARY_TABLE -
[-        ] NFC…BIGBACTER:COMBINED_SUMMARY -
Plus 3 more processes waiting for tasks…

executor >  local (108)
[3d/878939] NFC…BACTER:BIGBACTER:TIMESTAMP | 1 of 1 ✔
[e5/2a3682] NFC…ET_CHECK (samplesheet.csv) | 1 of 1 ✔
[75/524990] NFC…EQTK_SEQ (2026LY-00069_T1) | 28 of 28 ✔
[79/ed4b76] NFC…ER:FASTP (2025LY-00194_T1) | 28 of 28 ✔
[25/7713d5] NFC…ASSEMBLY (2025LY-00194_T1) | 28 of 28 ✔
[98/806d87] NFC… (Acinetobacter_baumannii) | 1 of 1 ✔
[42/01cc30] NFC… (Acinetobacter_baumannii) | 1 of 1 ✔
[-        ] NFC…ER:RESOLVE_MERGED_CLUSTERS -
[4e/863b8b] NFC…Y_SINGLE (2026LY-00070_T1) | 19 of 28
[-        ] NFC…BIGBACTER:CORE:SNIPPY_CORE -
[-        ] NFC…TER:BIGBACTER:CORE:GUBBINS -
[-        ] NFC…TER:BIGBACTER:CORE:RAPIDNJ -
[-        ] NFC…CTER:BIGBACTER:CORE:IQTREE -
[-        ] NFC…R:BIGBACTER:CORE:SNP_DISTS -
[-        ] NFC…BIGBACTER:CORE:TREE_FIGURE -
[-        ] NFC…ER:BIGBACTER:CORE:DIST_MAT -
[-        ] NFC…CTER:ACCESSORY:FORMAT_DIST -
[-        ] NFC…GBACTER:ACCESSORY:DIST_MAT -
[-        ] NFC…ER:BIGBACTER:SUMMARY_TABLE -
[-        ] NFC…BIGBACTER:COMBINED_SUMMARY -
Plus 3 more processes waiting for tasks…

executor >  local (109)
[3d/878939] NFC…BACTER:BIGBACTER:TIMESTAMP | 1 of 1 ✔
[e5/2a3682] NFC…ET_CHECK (samplesheet.csv) | 1 of 1 ✔
[75/524990] NFC…EQTK_SEQ (2026LY-00069_T1) | 28 of 28 ✔
[79/ed4b76] NFC…ER:FASTP (2025LY-00194_T1) | 28 of 28 ✔
[25/7713d5] NFC…ASSEMBLY (2025LY-00194_T1) | 28 of 28 ✔
[98/806d87] NFC… (Acinetobacter_baumannii) | 1 of 1 ✔
[42/01cc30] NFC… (Acinetobacter_baumannii) | 1 of 1 ✔
[-        ] NFC…ER:RESOLVE_MERGED_CLUSTERS -
[b0/ef8071] NFC…Y_SINGLE (2025LY-00188_T1) | 19 of 28
[-        ] NFC…BIGBACTER:CORE:SNIPPY_CORE -
[-        ] NFC…TER:BIGBACTER:CORE:GUBBINS -
[-        ] NFC…TER:BIGBACTER:CORE:RAPIDNJ -
[-        ] NFC…CTER:BIGBACTER:CORE:IQTREE -
[-        ] NFC…R:BIGBACTER:CORE:SNP_DISTS -
[-        ] NFC…BIGBACTER:CORE:TREE_FIGURE -
[-        ] NFC…ER:BIGBACTER:CORE:DIST_MAT -
[-        ] NFC…CTER:ACCESSORY:FORMAT_DIST -
[-        ] NFC…GBACTER:ACCESSORY:DIST_MAT -
[-        ] NFC…ER:BIGBACTER:SUMMARY_TABLE -
[-        ] NFC…BIGBACTER:COMBINED_SUMMARY -
Plus 3 more processes waiting for tasks…

executor >  local (110)
[3d/878939] NFC…BACTER:BIGBACTER:TIMESTAMP | 1 of 1 ✔
[e5/2a3682] NFC…ET_CHECK (samplesheet.csv) | 1 of 1 ✔
[75/524990] NFC…EQTK_SEQ (2026LY-00069_T1) | 28 of 28 ✔
[79/ed4b76] NFC…ER:FASTP (2025LY-00194_T1) | 28 of 28 ✔
[25/7713d5] NFC…ASSEMBLY (2025LY-00194_T1) | 28 of 28 ✔
[98/806d87] NFC… (Acinetobacter_baumannii) | 1 of 1 ✔
[42/01cc30] NFC… (Acinetobacter_baumannii) | 1 of 1 ✔
[-        ] NFC…ER:RESOLVE_MERGED_CLUSTERS -
[61/4c9213] NFC…PY_SINGLE (2025LY00107_T1) | 20 of 28
[-        ] NFC…BIGBACTER:CORE:SNIPPY_CORE -
[-        ] NFC…TER:BIGBACTER:CORE:GUBBINS -
[-        ] NFC…TER:BIGBACTER:CORE:RAPIDNJ -
[-        ] NFC…CTER:BIGBACTER:CORE:IQTREE -
[-        ] NFC…R:BIGBACTER:CORE:SNP_DISTS -
[-        ] NFC…BIGBACTER:CORE:TREE_FIGURE -
[-        ] NFC…ER:BIGBACTER:CORE:DIST_MAT -
[-        ] NFC…CTER:ACCESSORY:FORMAT_DIST -
[-        ] NFC…GBACTER:ACCESSORY:DIST_MAT -
[-        ] NFC…ER:BIGBACTER:SUMMARY_TABLE -
[-        ] NFC…BIGBACTER:COMBINED_SUMMARY -
Plus 3 more processes waiting for tasks…

executor >  local (110)
[3d/878939] NFC…BACTER:BIGBACTER:TIMESTAMP | 1 of 1 ✔
[e5/2a3682] NFC…ET_CHECK (samplesheet.csv) | 1 of 1 ✔
[75/524990] NFC…EQTK_SEQ (2026LY-00069_T1) | 28 of 28 ✔
[79/ed4b76] NFC…ER:FASTP (2025LY-00194_T1) | 28 of 28 ✔
[25/7713d5] NFC…ASSEMBLY (2025LY-00194_T1) | 28 of 28 ✔
[98/806d87] NFC… (Acinetobacter_baumannii) | 1 of 1 ✔
[42/01cc30] NFC… (Acinetobacter_baumannii) | 1 of 1 ✔
[-        ] NFC…ER:RESOLVE_MERGED_CLUSTERS -
[61/4c9213] NFC…PY_SINGLE (2025LY00107_T1) | 20 of 28
[-        ] NFC…BIGBACTER:CORE:SNIPPY_CORE -
[-        ] NFC…TER:BIGBACTER:CORE:GUBBINS -
[-        ] NFC…TER:BIGBACTER:CORE:RAPIDNJ -
[-        ] NFC…CTER:BIGBACTER:CORE:IQTREE -
[-        ] NFC…R:BIGBACTER:CORE:SNP_DISTS -
[-        ] NFC…BIGBACTER:CORE:TREE_FIGURE -
[-        ] NFC…ER:BIGBACTER:CORE:DIST_MAT -
[-        ] NFC…CTER:ACCESSORY:FORMAT_DIST -
[-        ] NFC…GBACTER:ACCESSORY:DIST_MAT -
[-        ] NFC…ER:BIGBACTER:SUMMARY_TABLE -
[-        ] NFC…BIGBACTER:COMBINED_SUMMARY -
Plus 3 more processes waiting for tasks…

executor >  local (111)
[3d/878939] NFC…BACTER:BIGBACTER:TIMESTAMP | 1 of 1 ✔
[e5/2a3682] NFC…ET_CHECK (samplesheet.csv) | 1 of 1 ✔
[75/524990] NFC…EQTK_SEQ (2026LY-00069_T1) | 28 of 28 ✔
[79/ed4b76] NFC…ER:FASTP (2025LY-00194_T1) | 28 of 28 ✔
[25/7713d5] NFC…ASSEMBLY (2025LY-00194_T1) | 28 of 28 ✔
[98/806d87] NFC… (Acinetobacter_baumannii) | 1 of 1 ✔
[42/01cc30] NFC… (Acinetobacter_baumannii) | 1 of 1 ✔
[-        ] NFC…ER:RESOLVE_MERGED_CLUSTERS -
[d4/01e61e] NFC…PY_SINGLE (2025LY00093_T1) | 20 of 28
[-        ] NFC…BIGBACTER:CORE:SNIPPY_CORE -
[-        ] NFC…TER:BIGBACTER:CORE:GUBBINS -
[-        ] NFC…TER:BIGBACTER:CORE:RAPIDNJ -
[-        ] NFC…CTER:BIGBACTER:CORE:IQTREE -
[-        ] NFC…R:BIGBACTER:CORE:SNP_DISTS -
[-        ] NFC…BIGBACTER:CORE:TREE_FIGURE -
[-        ] NFC…ER:BIGBACTER:CORE:DIST_MAT -
[-        ] NFC…CTER:ACCESSORY:FORMAT_DIST -
[-        ] NFC…GBACTER:ACCESSORY:DIST_MAT -
[-        ] NFC…ER:BIGBACTER:SUMMARY_TABLE -
[-        ] NFC…BIGBACTER:COMBINED_SUMMARY -
Plus 3 more processes waiting for tasks…

executor >  local (111)
[3d/878939] NFC…BACTER:BIGBACTER:TIMESTAMP | 1 of 1 ✔
[e5/2a3682] NFC…ET_CHECK (samplesheet.csv) | 1 of 1 ✔
[75/524990] NFC…EQTK_SEQ (2026LY-00069_T1) | 28 of 28 ✔
[79/ed4b76] NFC…ER:FASTP (2025LY-00194_T1) | 28 of 28 ✔
[25/7713d5] NFC…ASSEMBLY (2025LY-00194_T1) | 28 of 28 ✔
[98/806d87] NFC… (Acinetobacter_baumannii) | 1 of 1 ✔
[42/01cc30] NFC… (Acinetobacter_baumannii) | 1 of 1 ✔
[-        ] NFC…ER:RESOLVE_MERGED_CLUSTERS -
[d4/01e61e] NFC…PY_SINGLE (2025LY00093_T1) | 20 of 28
[-        ] NFC…BIGBACTER:CORE:SNIPPY_CORE -
[-        ] NFC…TER:BIGBACTER:CORE:GUBBINS -
[-        ] NFC…TER:BIGBACTER:CORE:RAPIDNJ -
[-        ] NFC…CTER:BIGBACTER:CORE:IQTREE -
[-        ] NFC…R:BIGBACTER:CORE:SNP_DISTS -
[-        ] NFC…BIGBACTER:CORE:TREE_FIGURE -
[-        ] NFC…ER:BIGBACTER:CORE:DIST_MAT -
[-        ] NFC…CTER:ACCESSORY:FORMAT_DIST -
[-        ] NFC…GBACTER:ACCESSORY:DIST_MAT -
[-        ] NFC…ER:BIGBACTER:SUMMARY_TABLE -
[-        ] NFC…BIGBACTER:COMBINED_SUMMARY -
Plus 3 more processes waiting for tasks…

executor >  local (111)
[3d/878939] NFC…BACTER:BIGBACTER:TIMESTAMP | 1 of 1 ✔
[e5/2a3682] NFC…ET_CHECK (samplesheet.csv) | 1 of 1 ✔
[75/524990] NFC…EQTK_SEQ (2026LY-00069_T1) | 28 of 28 ✔
[79/ed4b76] NFC…ER:FASTP (2025LY-00194_T1) | 28 of 28 ✔
[25/7713d5] NFC…ASSEMBLY (2025LY-00194_T1) | 28 of 28 ✔
[98/806d87] NFC… (Acinetobacter_baumannii) | 1 of 1 ✔
[42/01cc30] NFC… (Acinetobacter_baumannii) | 1 of 1 ✔
[-        ] NFC…ER:RESOLVE_MERGED_CLUSTERS -
[b0/ef8071] NFC…Y_SINGLE (2025LY-00188_T1) | 21 of 28
[-        ] NFC…BIGBACTER:CORE:SNIPPY_CORE -
[-        ] NFC…TER:BIGBACTER:CORE:GUBBINS -
[-        ] NFC…TER:BIGBACTER:CORE:RAPIDNJ -
[-        ] NFC…CTER:BIGBACTER:CORE:IQTREE -
[-        ] NFC…R:BIGBACTER:CORE:SNP_DISTS -
[-        ] NFC…BIGBACTER:CORE:TREE_FIGURE -
[-        ] NFC…ER:BIGBACTER:CORE:DIST_MAT -
[-        ] NFC…CTER:ACCESSORY:FORMAT_DIST -
[-        ] NFC…GBACTER:ACCESSORY:DIST_MAT -
[-        ] NFC…ER:BIGBACTER:SUMMARY_TABLE -
[-        ] NFC…BIGBACTER:COMBINED_SUMMARY -
Plus 3 more processes waiting for tasks…

executor >  local (112)
[3d/878939] NFC…BACTER:BIGBACTER:TIMESTAMP | 1 of 1 ✔
[e5/2a3682] NFC…ET_CHECK (samplesheet.csv) | 1 of 1 ✔
[75/524990] NFC…EQTK_SEQ (2026LY-00069_T1) | 28 of 28 ✔
[79/ed4b76] NFC…ER:FASTP (2025LY-00194_T1) | 28 of 28 ✔
[25/7713d5] NFC…ASSEMBLY (2025LY-00194_T1) | 28 of 28 ✔
[98/806d87] NFC… (Acinetobacter_baumannii) | 1 of 1 ✔
[42/01cc30] NFC… (Acinetobacter_baumannii) | 1 of 1 ✔
[-        ] NFC…ER:RESOLVE_MERGED_CLUSTERS -
[e4/aff13f] NFC…Y_SINGLE (2025LY-00187_T1) | 22 of 28
[-        ] NFC…BIGBACTER:CORE:SNIPPY_CORE -
[-        ] NFC…TER:BIGBACTER:CORE:GUBBINS -
[-        ] NFC…TER:BIGBACTER:CORE:RAPIDNJ -
[-        ] NFC…CTER:BIGBACTER:CORE:IQTREE -
[-        ] NFC…R:BIGBACTER:CORE:SNP_DISTS -
[-        ] NFC…BIGBACTER:CORE:TREE_FIGURE -
[-        ] NFC…ER:BIGBACTER:CORE:DIST_MAT -
[-        ] NFC…CTER:ACCESSORY:FORMAT_DIST -
[-        ] NFC…GBACTER:ACCESSORY:DIST_MAT -
[-        ] NFC…ER:BIGBACTER:SUMMARY_TABLE -
[-        ] NFC…BIGBACTER:COMBINED_SUMMARY -
Plus 3 more processes waiting for tasks…

executor >  local (113)
[3d/878939] NFC…BACTER:BIGBACTER:TIMESTAMP | 1 of 1 ✔
[e5/2a3682] NFC…ET_CHECK (samplesheet.csv) | 1 of 1 ✔
[75/524990] NFC…EQTK_SEQ (2026LY-00069_T1) | 28 of 28 ✔
[79/ed4b76] NFC…ER:FASTP (2025LY-00194_T1) | 28 of 28 ✔
[25/7713d5] NFC…ASSEMBLY (2025LY-00194_T1) | 28 of 28 ✔
[98/806d87] NFC… (Acinetobacter_baumannii) | 1 of 1 ✔
[42/01cc30] NFC… (Acinetobacter_baumannii) | 1 of 1 ✔
[-        ] NFC…ER:RESOLVE_MERGED_CLUSTERS -
[b1/f4bdca] NFC…Y_SINGLE (2026LY-00129_T1) | 22 of 28
[-        ] NFC…BIGBACTER:CORE:SNIPPY_CORE -
[-        ] NFC…TER:BIGBACTER:CORE:GUBBINS -
[-        ] NFC…TER:BIGBACTER:CORE:RAPIDNJ -
[-        ] NFC…CTER:BIGBACTER:CORE:IQTREE -
[-        ] NFC…R:BIGBACTER:CORE:SNP_DISTS -
[-        ] NFC…BIGBACTER:CORE:TREE_FIGURE -
[-        ] NFC…ER:BIGBACTER:CORE:DIST_MAT -
[-        ] NFC…CTER:ACCESSORY:FORMAT_DIST -
[-        ] NFC…GBACTER:ACCESSORY:DIST_MAT -
[-        ] NFC…ER:BIGBACTER:SUMMARY_TABLE -
[-        ] NFC…BIGBACTER:COMBINED_SUMMARY -
Plus 3 more processes waiting for tasks…

executor >  local (113)
[3d/878939] NFC…BACTER:BIGBACTER:TIMESTAMP | 1 of 1 ✔
[e5/2a3682] NFC…ET_CHECK (samplesheet.csv) | 1 of 1 ✔
[75/524990] NFC…EQTK_SEQ (2026LY-00069_T1) | 28 of 28 ✔
[79/ed4b76] NFC…ER:FASTP (2025LY-00194_T1) | 28 of 28 ✔
[25/7713d5] NFC…ASSEMBLY (2025LY-00194_T1) | 28 of 28 ✔
[98/806d87] NFC… (Acinetobacter_baumannii) | 1 of 1 ✔
[42/01cc30] NFC… (Acinetobacter_baumannii) | 1 of 1 ✔
[-        ] NFC…ER:RESOLVE_MERGED_CLUSTERS -
[b1/f4bdca] NFC…Y_SINGLE (2026LY-00129_T1) | 22 of 28
[-        ] NFC…BIGBACTER:CORE:SNIPPY_CORE -
[-        ] NFC…TER:BIGBACTER:CORE:GUBBINS -
[-        ] NFC…TER:BIGBACTER:CORE:RAPIDNJ -
[-        ] NFC…CTER:BIGBACTER:CORE:IQTREE -
[-        ] NFC…R:BIGBACTER:CORE:SNP_DISTS -
[-        ] NFC…BIGBACTER:CORE:TREE_FIGURE -
[-        ] NFC…ER:BIGBACTER:CORE:DIST_MAT -
[-        ] NFC…CTER:ACCESSORY:FORMAT_DIST -
[-        ] NFC…GBACTER:ACCESSORY:DIST_MAT -
[-        ] NFC…ER:BIGBACTER:SUMMARY_TABLE -
[-        ] NFC…BIGBACTER:COMBINED_SUMMARY -
Plus 3 more processes waiting for tasks…

executor >  local (113)
[3d/878939] NFC…BACTER:BIGBACTER:TIMESTAMP | 1 of 1 ✔
[e5/2a3682] NFC…ET_CHECK (samplesheet.csv) | 1 of 1 ✔
[75/524990] NFC…EQTK_SEQ (2026LY-00069_T1) | 28 of 28 ✔
[79/ed4b76] NFC…ER:FASTP (2025LY-00194_T1) | 28 of 28 ✔
[25/7713d5] NFC…ASSEMBLY (2025LY-00194_T1) | 28 of 28 ✔
[98/806d87] NFC… (Acinetobacter_baumannii) | 1 of 1 ✔
[42/01cc30] NFC… (Acinetobacter_baumannii) | 1 of 1 ✔
[-        ] NFC…ER:RESOLVE_MERGED_CLUSTERS -
[d4/01e61e] NFC…PY_SINGLE (2025LY00093_T1) | 23 of 28
[-        ] NFC…BIGBACTER:CORE:SNIPPY_CORE -
[-        ] NFC…TER:BIGBACTER:CORE:GUBBINS -
[-        ] NFC…TER:BIGBACTER:CORE:RAPIDNJ -
[-        ] NFC…CTER:BIGBACTER:CORE:IQTREE -
[-        ] NFC…R:BIGBACTER:CORE:SNP_DISTS -
[-        ] NFC…BIGBACTER:CORE:TREE_FIGURE -
[-        ] NFC…ER:BIGBACTER:CORE:DIST_MAT -
[-        ] NFC…CTER:ACCESSORY:FORMAT_DIST -
[-        ] NFC…GBACTER:ACCESSORY:DIST_MAT -
[-        ] NFC…ER:BIGBACTER:SUMMARY_TABLE -
[-        ] NFC…BIGBACTER:COMBINED_SUMMARY -
Plus 3 more processes waiting for tasks…

executor >  local (114)
[3d/878939] NFC…BACTER:BIGBACTER:TIMESTAMP | 1 of 1 ✔
[e5/2a3682] NFC…ET_CHECK (samplesheet.csv) | 1 of 1 ✔
[75/524990] NFC…EQTK_SEQ (2026LY-00069_T1) | 28 of 28 ✔
[79/ed4b76] NFC…ER:FASTP (2025LY-00194_T1) | 28 of 28 ✔
[25/7713d5] NFC…ASSEMBLY (2025LY-00194_T1) | 28 of 28 ✔
[98/806d87] NFC… (Acinetobacter_baumannii) | 1 of 1 ✔
[42/01cc30] NFC… (Acinetobacter_baumannii) | 1 of 1 ✔
[-        ] NFC…ER:RESOLVE_MERGED_CLUSTERS -
[e4/aff13f] NFC…Y_SINGLE (2025LY-00187_T1) | 24 of 28
[-        ] NFC…BIGBACTER:CORE:SNIPPY_CORE -
[-        ] NFC…TER:BIGBACTER:CORE:GUBBINS -
[-        ] NFC…TER:BIGBACTER:CORE:RAPIDNJ -
[-        ] NFC…CTER:BIGBACTER:CORE:IQTREE -
[-        ] NFC…R:BIGBACTER:CORE:SNP_DISTS -
[-        ] NFC…BIGBACTER:CORE:TREE_FIGURE -
[-        ] NFC…ER:BIGBACTER:CORE:DIST_MAT -
[-        ] NFC…CTER:ACCESSORY:FORMAT_DIST -
[-        ] NFC…GBACTER:ACCESSORY:DIST_MAT -
[-        ] NFC…ER:BIGBACTER:SUMMARY_TABLE -
[-        ] NFC…BIGBACTER:COMBINED_SUMMARY -
Plus 3 more processes waiting for tasks…

executor >  local (114)
[3d/878939] NFC…BACTER:BIGBACTER:TIMESTAMP | 1 of 1 ✔
[e5/2a3682] NFC…ET_CHECK (samplesheet.csv) | 1 of 1 ✔
[75/524990] NFC…EQTK_SEQ (2026LY-00069_T1) | 28 of 28 ✔
[79/ed4b76] NFC…ER:FASTP (2025LY-00194_T1) | 28 of 28 ✔
[25/7713d5] NFC…ASSEMBLY (2025LY-00194_T1) | 28 of 28 ✔
[98/806d87] NFC… (Acinetobacter_baumannii) | 1 of 1 ✔
[42/01cc30] NFC… (Acinetobacter_baumannii) | 1 of 1 ✔
[-        ] NFC…ER:RESOLVE_MERGED_CLUSTERS -
[e4/aff13f] NFC…Y_SINGLE (2025LY-00187_T1) | 24 of 28
[-        ] NFC…BIGBACTER:CORE:SNIPPY_CORE -
[-        ] NFC…TER:BIGBACTER:CORE:GUBBINS -
[-        ] NFC…TER:BIGBACTER:CORE:RAPIDNJ -
[-        ] NFC…CTER:BIGBACTER:CORE:IQTREE -
[-        ] NFC…R:BIGBACTER:CORE:SNP_DISTS -
[-        ] NFC…BIGBACTER:CORE:TREE_FIGURE -
[-        ] NFC…ER:BIGBACTER:CORE:DIST_MAT -
[-        ] NFC…CTER:ACCESSORY:FORMAT_DIST -
[-        ] NFC…GBACTER:ACCESSORY:DIST_MAT -
[-        ] NFC…ER:BIGBACTER:SUMMARY_TABLE -
[-        ] NFC…BIGBACTER:COMBINED_SUMMARY -
Plus 3 more processes waiting for tasks…

executor >  local (115)
[3d/878939] NFC…BACTER:BIGBACTER:TIMESTAMP | 1 of 1 ✔
[e5/2a3682] NFC…ET_CHECK (samplesheet.csv) | 1 of 1 ✔
[75/524990] NFC…EQTK_SEQ (2026LY-00069_T1) | 28 of 28 ✔
[79/ed4b76] NFC…ER:FASTP (2025LY-00194_T1) | 28 of 28 ✔
[25/7713d5] NFC…ASSEMBLY (2025LY-00194_T1) | 28 of 28 ✔
[98/806d87] NFC… (Acinetobacter_baumannii) | 1 of 1 ✔
[42/01cc30] NFC… (Acinetobacter_baumannii) | 1 of 1 ✔
[-        ] NFC…ER:RESOLVE_MERGED_CLUSTERS -
[b1/f4bdca] NFC…Y_SINGLE (2026LY-00129_T1) | 25 of 28
[-        ] NFC…BIGBACTER:CORE:SNIPPY_CORE -
[-        ] NFC…TER:BIGBACTER:CORE:GUBBINS -
[-        ] NFC…TER:BIGBACTER:CORE:RAPIDNJ -
[-        ] NFC…CTER:BIGBACTER:CORE:IQTREE -
[-        ] NFC…R:BIGBACTER:CORE:SNP_DISTS -
[-        ] NFC…BIGBACTER:CORE:TREE_FIGURE -
[-        ] NFC…ER:BIGBACTER:CORE:DIST_MAT -
[-        ] NFC…CTER:ACCESSORY:FORMAT_DIST -
[-        ] NFC…GBACTER:ACCESSORY:DIST_MAT -
[-        ] NFC…ER:BIGBACTER:SUMMARY_TABLE -
[-        ] NFC…BIGBACTER:COMBINED_SUMMARY -
Plus 3 more processes waiting for tasks…

executor >  local (115)
[3d/878939] NFC…BACTER:BIGBACTER:TIMESTAMP | 1 of 1 ✔
[e5/2a3682] NFC…ET_CHECK (samplesheet.csv) | 1 of 1 ✔
[75/524990] NFC…EQTK_SEQ (2026LY-00069_T1) | 28 of 28 ✔
[79/ed4b76] NFC…ER:FASTP (2025LY-00194_T1) | 28 of 28 ✔
[25/7713d5] NFC…ASSEMBLY (2025LY-00194_T1) | 28 of 28 ✔
[98/806d87] NFC… (Acinetobacter_baumannii) | 1 of 1 ✔
[42/01cc30] NFC… (Acinetobacter_baumannii) | 1 of 1 ✔
[-        ] NFC…ER:RESOLVE_MERGED_CLUSTERS -
[b1/f4bdca] NFC…Y_SINGLE (2026LY-00129_T1) | 25 of 28
[-        ] NFC…BIGBACTER:CORE:SNIPPY_CORE -
[-        ] NFC…TER:BIGBACTER:CORE:GUBBINS -
[-        ] NFC…TER:BIGBACTER:CORE:RAPIDNJ -
[-        ] NFC…CTER:BIGBACTER:CORE:IQTREE -
[-        ] NFC…R:BIGBACTER:CORE:SNP_DISTS -
[-        ] NFC…BIGBACTER:CORE:TREE_FIGURE -
[-        ] NFC…ER:BIGBACTER:CORE:DIST_MAT -
[-        ] NFC…CTER:ACCESSORY:FORMAT_DIST -
[-        ] NFC…GBACTER:ACCESSORY:DIST_MAT -
[-        ] NFC…ER:BIGBACTER:SUMMARY_TABLE -
[-        ] NFC…BIGBACTER:COMBINED_SUMMARY -
Plus 3 more processes waiting for tasks…

executor >  local (116)
[3d/878939] NFC…BACTER:BIGBACTER:TIMESTAMP | 1 of 1 ✔
[e5/2a3682] NFC…ET_CHECK (samplesheet.csv) | 1 of 1 ✔
[75/524990] NFC…EQTK_SEQ (2026LY-00069_T1) | 28 of 28 ✔
[79/ed4b76] NFC…ER:FASTP (2025LY-00194_T1) | 28 of 28 ✔
[25/7713d5] NFC…ASSEMBLY (2025LY-00194_T1) | 28 of 28 ✔
[98/806d87] NFC… (Acinetobacter_baumannii) | 1 of 1 ✔
[42/01cc30] NFC… (Acinetobacter_baumannii) | 1 of 1 ✔
[-        ] NFC…ER:RESOLVE_MERGED_CLUSTERS -
[1c/0dd78f] NFC…Y_SINGLE (2026LY-00023_T1) | 26 of 28
[-        ] NFC…BIGBACTER:CORE:SNIPPY_CORE -
[-        ] NFC…TER:BIGBACTER:CORE:GUBBINS -
[-        ] NFC…TER:BIGBACTER:CORE:RAPIDNJ -
[-        ] NFC…CTER:BIGBACTER:CORE:IQTREE -
[-        ] NFC…R:BIGBACTER:CORE:SNP_DISTS -
[-        ] NFC…BIGBACTER:CORE:TREE_FIGURE -
[-        ] NFC…ER:BIGBACTER:CORE:DIST_MAT -
[-        ] NFC…CTER:ACCESSORY:FORMAT_DIST -
[-        ] NFC…GBACTER:ACCESSORY:DIST_MAT -
[-        ] NFC…ER:BIGBACTER:SUMMARY_TABLE -
[-        ] NFC…BIGBACTER:COMBINED_SUMMARY -
Plus 3 more processes waiting for tasks…

executor >  local (116)
[3d/878939] NFC…BACTER:BIGBACTER:TIMESTAMP | 1 of 1 ✔
[e5/2a3682] NFC…ET_CHECK (samplesheet.csv) | 1 of 1 ✔
[75/524990] NFC…EQTK_SEQ (2026LY-00069_T1) | 28 of 28 ✔
[79/ed4b76] NFC…ER:FASTP (2025LY-00194_T1) | 28 of 28 ✔
[25/7713d5] NFC…ASSEMBLY (2025LY-00194_T1) | 28 of 28 ✔
[98/806d87] NFC… (Acinetobacter_baumannii) | 1 of 1 ✔
[42/01cc30] NFC… (Acinetobacter_baumannii) | 1 of 1 ✔
[-        ] NFC…ER:RESOLVE_MERGED_CLUSTERS -
[1c/0dd78f] NFC…Y_SINGLE (2026LY-00023_T1) | 26 of 28
[-        ] NFC…BIGBACTER:CORE:SNIPPY_CORE -
[-        ] NFC…TER:BIGBACTER:CORE:GUBBINS -
[-        ] NFC…TER:BIGBACTER:CORE:RAPIDNJ -
[-        ] NFC…CTER:BIGBACTER:CORE:IQTREE -
[-        ] NFC…R:BIGBACTER:CORE:SNP_DISTS -
[-        ] NFC…BIGBACTER:CORE:TREE_FIGURE -
[-        ] NFC…ER:BIGBACTER:CORE:DIST_MAT -
[-        ] NFC…CTER:ACCESSORY:FORMAT_DIST -
[-        ] NFC…GBACTER:ACCESSORY:DIST_MAT -
[-        ] NFC…ER:BIGBACTER:SUMMARY_TABLE -
[-        ] NFC…BIGBACTER:COMBINED_SUMMARY -
Plus 3 more processes waiting for tasks…

executor >  local (116)
[3d/878939] NFC…BACTER:BIGBACTER:TIMESTAMP | 1 of 1 ✔
[e5/2a3682] NFC…ET_CHECK (samplesheet.csv) | 1 of 1 ✔
[75/524990] NFC…EQTK_SEQ (2026LY-00069_T1) | 28 of 28 ✔
[79/ed4b76] NFC…ER:FASTP (2025LY-00194_T1) | 28 of 28 ✔
[25/7713d5] NFC…ASSEMBLY (2025LY-00194_T1) | 28 of 28 ✔
[98/806d87] NFC… (Acinetobacter_baumannii) | 1 of 1 ✔
[42/01cc30] NFC… (Acinetobacter_baumannii) | 1 of 1 ✔
[-        ] NFC…ER:RESOLVE_MERGED_CLUSTERS -
[72/4eb90b] NFC…Y_SINGLE (2025LY-00206_T1) | 27 of 28
[-        ] NFC…BIGBACTER:CORE:SNIPPY_CORE -
[-        ] NFC…TER:BIGBACTER:CORE:GUBBINS -
[-        ] NFC…TER:BIGBACTER:CORE:RAPIDNJ -
[-        ] NFC…CTER:BIGBACTER:CORE:IQTREE -
[-        ] NFC…R:BIGBACTER:CORE:SNP_DISTS -
[-        ] NFC…BIGBACTER:CORE:TREE_FIGURE -
[-        ] NFC…ER:BIGBACTER:CORE:DIST_MAT -
[-        ] NFC…CTER:ACCESSORY:FORMAT_DIST -
[-        ] NFC…GBACTER:ACCESSORY:DIST_MAT -
[-        ] NFC…ER:BIGBACTER:SUMMARY_TABLE -
[-        ] NFC…BIGBACTER:COMBINED_SUMMARY -
Plus 3 more processes waiting for tasks…

executor >  local (118)
[3d/878939] NFC…BACTER:BIGBACTER:TIMESTAMP | 1 of 1 ✔
[e5/2a3682] NFC…ET_CHECK (samplesheet.csv) | 1 of 1 ✔
[75/524990] NFC…EQTK_SEQ (2026LY-00069_T1) | 28 of 28 ✔
[79/ed4b76] NFC…ER:FASTP (2025LY-00194_T1) | 28 of 28 ✔
[25/7713d5] NFC…ASSEMBLY (2025LY-00194_T1) | 28 of 28 ✔
[98/806d87] NFC… (Acinetobacter_baumannii) | 1 of 1 ✔
[42/01cc30] NFC… (Acinetobacter_baumannii) | 1 of 1 ✔
[-        ] NFC…ER:RESOLVE_MERGED_CLUSTERS -
[1c/0dd78f] NFC…Y_SINGLE (2026LY-00023_T1) | 28 of 28 ✔
[6d/fe3311] NFC…etobacter_baumannii_00001) | 0 of 2
[-        ] NFC…TER:BIGBACTER:CORE:GUBBINS -
[-        ] NFC…TER:BIGBACTER:CORE:RAPIDNJ -
[-        ] NFC…CTER:BIGBACTER:CORE:IQTREE -
[-        ] NFC…R:BIGBACTER:CORE:SNP_DISTS -
[-        ] NFC…BIGBACTER:CORE:TREE_FIGURE -
[-        ] NFC…ER:BIGBACTER:CORE:DIST_MAT -
[-        ] NFC…CTER:ACCESSORY:FORMAT_DIST -
[-        ] NFC…GBACTER:ACCESSORY:DIST_MAT -
[-        ] NFC…ER:BIGBACTER:SUMMARY_TABLE -
[-        ] NFC…BIGBACTER:COMBINED_SUMMARY -
Plus 3 more processes waiting for tasks…

===========================
BigBacter Database Summary:
===========================
Database Path: /blue/bphl-georgia/tkiryutina/projects/260707-UGA-Training-CODE/bigbacter/db
PopPUNK Files: 334MB
Reference Files: 2MB
SNP Files: 68MB
Assembly Files: 26MB
Total: 0GB


executor >  local (118)
[3d/878939] NFC…BACTER:BIGBACTER:TIMESTAMP | 1 of 1 ✔
[e5/2a3682] NFC…ET_CHECK (samplesheet.csv) | 1 of 1 ✔
[75/524990] NFC…EQTK_SEQ (2026LY-00069_T1) | 28 of 28 ✔
[79/ed4b76] NFC…ER:FASTP (2025LY-00194_T1) | 28 of 28 ✔
[25/7713d5] NFC…ASSEMBLY (2025LY-00194_T1) | 28 of 28 ✔
[98/806d87] NFC… (Acinetobacter_baumannii) | 1 of 1 ✔
[42/01cc30] NFC… (Acinetobacter_baumannii) | 1 of 1 ✔
[-        ] NFC…ER:RESOLVE_MERGED_CLUSTERS -
[1c/0dd78f] NFC…Y_SINGLE (2026LY-00023_T1) | 28 of 28 ✔
[6d/fe3311] NFC…etobacter_baumannii_00001) | 0 of 2
[-        ] NFC…TER:BIGBACTER:CORE:GUBBINS -
[-        ] NFC…TER:BIGBACTER:CORE:RAPIDNJ -
[-        ] NFC…CTER:BIGBACTER:CORE:IQTREE -
[-        ] NFC…R:BIGBACTER:CORE:SNP_DISTS -
[-        ] NFC…BIGBACTER:CORE:TREE_FIGURE -
[-        ] NFC…ER:BIGBACTER:CORE:DIST_MAT -
[-        ] NFC…CTER:ACCESSORY:FORMAT_DIST -
[-        ] NFC…GBACTER:ACCESSORY:DIST_MAT -
[-        ] NFC…ER:BIGBACTER:SUMMARY_TABLE -
[-        ] NFC…BIGBACTER:COMBINED_SUMMARY -
Plus 3 more processes waiting for tasks…

===========================
BigBacter Database Summary:
===========================
Database Path: /blue/bphl-georgia/tkiryutina/projects/260707-UGA-Training-CODE/bigbacter/db
PopPUNK Files: 334MB
Reference Files: 2MB
SNP Files: 68MB
Assembly Files: 26MB
Total: 0GB


executor >  local (119)
[3d/878939] NFC…BACTER:BIGBACTER:TIMESTAMP | 1 of 1 ✔
[e5/2a3682] NFC…ET_CHECK (samplesheet.csv) | 1 of 1 ✔
[75/524990] NFC…EQTK_SEQ (2026LY-00069_T1) | 28 of 28 ✔
[79/ed4b76] NFC…ER:FASTP (2025LY-00194_T1) | 28 of 28 ✔
[25/7713d5] NFC…ASSEMBLY (2025LY-00194_T1) | 28 of 28 ✔
[98/806d87] NFC… (Acinetobacter_baumannii) | 1 of 1 ✔
[42/01cc30] NFC… (Acinetobacter_baumannii) | 1 of 1 ✔
[-        ] NFC…ER:RESOLVE_MERGED_CLUSTERS -
[1c/0dd78f] NFC…Y_SINGLE (2026LY-00023_T1) | 28 of 28 ✔
[6d/fe3311] NFC…etobacter_baumannii_00001) | 0 of 2
[-        ] NFC…TER:BIGBACTER:CORE:GUBBINS -
[-        ] NFC…TER:BIGBACTER:CORE:RAPIDNJ -
[-        ] NFC…CTER:BIGBACTER:CORE:IQTREE -
[74/05a7ed] NFC…er_baumannii_00176_snippy) | 0 of 1
[-        ] NFC…BIGBACTER:CORE:TREE_FIGURE -
[-        ] NFC…ER:BIGBACTER:CORE:DIST_MAT -
[-        ] NFC…CTER:ACCESSORY:FORMAT_DIST -
[-        ] NFC…GBACTER:ACCESSORY:DIST_MAT -
[-        ] NFC…ER:BIGBACTER:SUMMARY_TABLE -
[-        ] NFC…BIGBACTER:COMBINED_SUMMARY -
Plus 3 more processes waiting for tasks…

===========================
BigBacter Database Summary:
===========================
Database Path: /blue/bphl-georgia/tkiryutina/projects/260707-UGA-Training-CODE/bigbacter/db
PopPUNK Files: 334MB
Reference Files: 2MB
SNP Files: 68MB
Assembly Files: 26MB
Total: 0GB


executor >  local (119)
[3d/878939] NFC…BACTER:BIGBACTER:TIMESTAMP | 1 of 1 ✔
[e5/2a3682] NFC…ET_CHECK (samplesheet.csv) | 1 of 1 ✔
[75/524990] NFC…EQTK_SEQ (2026LY-00069_T1) | 28 of 28 ✔
[79/ed4b76] NFC…ER:FASTP (2025LY-00194_T1) | 28 of 28 ✔
[25/7713d5] NFC…ASSEMBLY (2025LY-00194_T1) | 28 of 28 ✔
[98/806d87] NFC… (Acinetobacter_baumannii) | 1 of 1 ✔
[42/01cc30] NFC… (Acinetobacter_baumannii) | 1 of 1 ✔
[-        ] NFC…ER:RESOLVE_MERGED_CLUSTERS -
[1c/0dd78f] NFC…Y_SINGLE (2026LY-00023_T1) | 28 of 28 ✔
[6d/fe3311] NFC…etobacter_baumannii_00001) | 0 of 2
[-        ] NFC…TER:BIGBACTER:CORE:GUBBINS -
[-        ] NFC…TER:BIGBACTER:CORE:RAPIDNJ -
[-        ] NFC…CTER:BIGBACTER:CORE:IQTREE -
[74/05a7ed] NFC…er_baumannii_00176_snippy) | 0 of 1
[-        ] NFC…BIGBACTER:CORE:TREE_FIGURE -
[-        ] NFC…ER:BIGBACTER:CORE:DIST_MAT -
[-        ] NFC…CTER:ACCESSORY:FORMAT_DIST -
[-        ] NFC…GBACTER:ACCESSORY:DIST_MAT -
[-        ] NFC…ER:BIGBACTER:SUMMARY_TABLE -
[-        ] NFC…BIGBACTER:COMBINED_SUMMARY -
Plus 3 more processes waiting for tasks…

===========================
BigBacter Database Summary:
===========================
Database Path: /blue/bphl-georgia/tkiryutina/projects/260707-UGA-Training-CODE/bigbacter/db
PopPUNK Files: 334MB
Reference Files: 2MB
SNP Files: 68MB
Assembly Files: 26MB
Total: 0GB


executor >  local (119)
[3d/878939] NFC…BACTER:BIGBACTER:TIMESTAMP | 1 of 1 ✔
[e5/2a3682] NFC…ET_CHECK (samplesheet.csv) | 1 of 1 ✔
[75/524990] NFC…EQTK_SEQ (2026LY-00069_T1) | 28 of 28 ✔
[79/ed4b76] NFC…ER:FASTP (2025LY-00194_T1) | 28 of 28 ✔
[25/7713d5] NFC…ASSEMBLY (2025LY-00194_T1) | 28 of 28 ✔
[98/806d87] NFC… (Acinetobacter_baumannii) | 1 of 1 ✔
[42/01cc30] NFC… (Acinetobacter_baumannii) | 1 of 1 ✔
[-        ] NFC…ER:RESOLVE_MERGED_CLUSTERS -
[1c/0dd78f] NFC…Y_SINGLE (2026LY-00023_T1) | 28 of 28 ✔
[8b/eefbb2] NFC…etobacter_baumannii_00176) | 1 of 2
[-        ] NFC…TER:BIGBACTER:CORE:GUBBINS -
[-        ] NFC…TER:BIGBACTER:CORE:RAPIDNJ -
[-        ] NFC…CTER:BIGBACTER:CORE:IQTREE -
[74/05a7ed] NFC…er_baumannii_00176_snippy) | 1 of 1
[-        ] NFC…BIGBACTER:CORE:TREE_FIGURE -
[-        ] NFC…ER:BIGBACTER:CORE:DIST_MAT -
[-        ] NFC…CTER:ACCESSORY:FORMAT_DIST -
[-        ] NFC…GBACTER:ACCESSORY:DIST_MAT -
[-        ] NFC…ER:BIGBACTER:SUMMARY_TABLE -
[-        ] NFC…BIGBACTER:COMBINED_SUMMARY -
Plus 3 more processes waiting for tasks…

===========================
BigBacter Database Summary:
===========================
Database Path: /blue/bphl-georgia/tkiryutina/projects/260707-UGA-Training-CODE/bigbacter/db
PopPUNK Files: 334MB
Reference Files: 2MB
SNP Files: 68MB
Assembly Files: 26MB
Total: 0GB


executor >  local (122)
[3d/878939] NFC…BACTER:BIGBACTER:TIMESTAMP | 1 of 1 ✔
[e5/2a3682] NFC…ET_CHECK (samplesheet.csv) | 1 of 1 ✔
[75/524990] NFC…EQTK_SEQ (2026LY-00069_T1) | 28 of 28 ✔
[79/ed4b76] NFC…ER:FASTP (2025LY-00194_T1) | 28 of 28 ✔
[25/7713d5] NFC…ASSEMBLY (2025LY-00194_T1) | 28 of 28 ✔
[98/806d87] NFC… (Acinetobacter_baumannii) | 1 of 1 ✔
[42/01cc30] NFC… (Acinetobacter_baumannii) | 1 of 1 ✔
[-        ] NFC…ER:RESOLVE_MERGED_CLUSTERS -
[1c/0dd78f] NFC…Y_SINGLE (2026LY-00023_T1) | 28 of 28 ✔
[6d/fe3311] NFC…etobacter_baumannii_00001) | 2 of 2 ✔
[50/dcf598] NFC…etobacter_baumannii-00001) | 0 of 1
[-        ] NFC…TER:BIGBACTER:CORE:RAPIDNJ -
[b2/d52cfa] NFC…etobacter_baumannii_00001) | 0 of 1
[26/395685] NFC…er_baumannii_00001_snippy) | 1 of 2
[-        ] NFC…BIGBACTER:CORE:TREE_FIGURE -
[-        ] NFC…ER:BIGBACTER:CORE:DIST_MAT -
[-        ] NFC…CTER:ACCESSORY:FORMAT_DIST -
[-        ] NFC…GBACTER:ACCESSORY:DIST_MAT -
[-        ] NFC…ER:BIGBACTER:SUMMARY_TABLE -
[-        ] NFC…BIGBACTER:COMBINED_SUMMARY -
Plus 3 more processes waiting for tasks…












executor >  local (122)
[3d/878939] NFC…BACTER:BIGBACTER:TIMESTAMP | 1 of 1 ✔
[e5/2a3682] NFC…ET_CHECK (samplesheet.csv) | 1 of 1 ✔
[75/524990] NFC…EQTK_SEQ (2026LY-00069_T1) | 28 of 28 ✔
[79/ed4b76] NFC…ER:FASTP (2025LY-00194_T1) | 28 of 28 ✔
[25/7713d5] NFC…ASSEMBLY (2025LY-00194_T1) | 28 of 28 ✔
[98/806d87] NFC… (Acinetobacter_baumannii) | 1 of 1 ✔
[42/01cc30] NFC… (Acinetobacter_baumannii) | 1 of 1 ✔
[-        ] NFC…ER:RESOLVE_MERGED_CLUSTERS -
[1c/0dd78f] NFC…Y_SINGLE (2026LY-00023_T1) | 28 of 28 ✔
[6d/fe3311] NFC…etobacter_baumannii_00001) | 2 of 2 ✔
[50/dcf598] NFC…etobacter_baumannii-00001) | 0 of 1
[-        ] NFC…TER:BIGBACTER:CORE:RAPIDNJ -
[b2/d52cfa] NFC…etobacter_baumannii_00001) | 0 of 1
[26/395685] NFC…er_baumannii_00001_snippy) | 1 of 2
[-        ] NFC…BIGBACTER:CORE:TREE_FIGURE -
[-        ] NFC…ER:BIGBACTER:CORE:DIST_MAT -
[-        ] NFC…CTER:ACCESSORY:FORMAT_DIST -
[-        ] NFC…GBACTER:ACCESSORY:DIST_MAT -
[-        ] NFC…ER:BIGBACTER:SUMMARY_TABLE -
[-        ] NFC…BIGBACTER:COMBINED_SUMMARY -
Plus 3 more processes waiting for tasks…












executor >  local (122)
[3d/878939] NFC…BACTER:BIGBACTER:TIMESTAMP | 1 of 1 ✔
[e5/2a3682] NFC…ET_CHECK (samplesheet.csv) | 1 of 1 ✔
[75/524990] NFC…EQTK_SEQ (2026LY-00069_T1) | 28 of 28 ✔
[79/ed4b76] NFC…ER:FASTP (2025LY-00194_T1) | 28 of 28 ✔
[25/7713d5] NFC…ASSEMBLY (2025LY-00194_T1) | 28 of 28 ✔
[98/806d87] NFC… (Acinetobacter_baumannii) | 1 of 1 ✔
[42/01cc30] NFC… (Acinetobacter_baumannii) | 1 of 1 ✔
[-        ] NFC…ER:RESOLVE_MERGED_CLUSTERS -
[1c/0dd78f] NFC…Y_SINGLE (2026LY-00023_T1) | 28 of 28 ✔
[6d/fe3311] NFC…etobacter_baumannii_00001) | 2 of 2 ✔
[50/dcf598] NFC…etobacter_baumannii-00001) | 1 of 1, failed: 1 ✔
[-        ] NFC…TER:BIGBACTER:CORE:RAPIDNJ -
[b2/d52cfa] NFC…etobacter_baumannii_00001) | 0 of 1
[26/395685] NFC…er_baumannii_00001_snippy) | 1 of 2
[-        ] NFC…BIGBACTER:CORE:TREE_FIGURE -
[-        ] NFC…ER:BIGBACTER:CORE:DIST_MAT -
[-        ] NFC…CTER:ACCESSORY:FORMAT_DIST -
[-        ] NFC…GBACTER:ACCESSORY:DIST_MAT -
[-        ] NFC…ER:BIGBACTER:SUMMARY_TABLE -
[-        ] NFC…BIGBACTER:COMBINED_SUMMARY -
Plus 3 more processes waiting for tasks…
[50/dcf598] NOTE: Missing output file(s) `*.fasta` expected by process `NFCORE_BIGBACTER:BIGBACTER:CORE:GUBBINS (Acinetobacter_baumannii-00001)` -- Error is ignored

executor >  local (122)
[3d/878939] NFC…BACTER:BIGBACTER:TIMESTAMP | 1 of 1 ✔
[e5/2a3682] NFC…ET_CHECK (samplesheet.csv) | 1 of 1 ✔
[75/524990] NFC…EQTK_SEQ (2026LY-00069_T1) | 28 of 28 ✔
[79/ed4b76] NFC…ER:FASTP (2025LY-00194_T1) | 28 of 28 ✔
[25/7713d5] NFC…ASSEMBLY (2025LY-00194_T1) | 28 of 28 ✔
[98/806d87] NFC… (Acinetobacter_baumannii) | 1 of 1 ✔
[42/01cc30] NFC… (Acinetobacter_baumannii) | 1 of 1 ✔
[-        ] NFC…ER:RESOLVE_MERGED_CLUSTERS -
[1c/0dd78f] NFC…Y_SINGLE (2026LY-00023_T1) | 28 of 28 ✔
[6d/fe3311] NFC…etobacter_baumannii_00001) | 2 of 2 ✔
[50/dcf598] NFC…etobacter_baumannii-00001) | 1 of 1, failed: 1 ✔
[-        ] NFC…TER:BIGBACTER:CORE:RAPIDNJ -
[b2/d52cfa] NFC…etobacter_baumannii_00001) | 0 of 1
[26/395685] NFC…er_baumannii_00001_snippy) | 2 of 2 ✔
[-        ] NFC…BIGBACTER:CORE:TREE_FIGURE -
[-        ] NFC…ER:BIGBACTER:CORE:DIST_MAT -
[-        ] NFC…CTER:ACCESSORY:FORMAT_DIST -
[-        ] NFC…GBACTER:ACCESSORY:DIST_MAT -
[-        ] NFC…ER:BIGBACTER:SUMMARY_TABLE -
[-        ] NFC…BIGBACTER:COMBINED_SUMMARY -
Plus 3 more processes waiting for tasks…
[50/dcf598] NOTE: Missing output file(s) `*.fasta` expected by process `NFCORE_BIGBACTER:BIGBACTER:CORE:GUBBINS (Acinetobacter_baumannii-00001)` -- Error is ignored

executor >  local (122)
[3d/878939] NFC…BACTER:BIGBACTER:TIMESTAMP | 1 of 1 ✔
[e5/2a3682] NFC…ET_CHECK (samplesheet.csv) | 1 of 1 ✔
[75/524990] NFC…EQTK_SEQ (2026LY-00069_T1) | 28 of 28 ✔
[79/ed4b76] NFC…ER:FASTP (2025LY-00194_T1) | 28 of 28 ✔
[25/7713d5] NFC…ASSEMBLY (2025LY-00194_T1) | 28 of 28 ✔
[98/806d87] NFC… (Acinetobacter_baumannii) | 1 of 1 ✔
[42/01cc30] NFC… (Acinetobacter_baumannii) | 1 of 1 ✔
[-        ] NFC…ER:RESOLVE_MERGED_CLUSTERS -
[1c/0dd78f] NFC…Y_SINGLE (2026LY-00023_T1) | 28 of 28 ✔
[6d/fe3311] NFC…etobacter_baumannii_00001) | 2 of 2 ✔
[50/dcf598] NFC…etobacter_baumannii-00001) | 1 of 1, failed: 1 ✔
[-        ] NFC…TER:BIGBACTER:CORE:RAPIDNJ -
[b2/d52cfa] NFC…etobacter_baumannii_00001) | 1 of 1 ✔
[26/395685] NFC…er_baumannii_00001_snippy) | 2 of 2 ✔
[-        ] NFC…BIGBACTER:CORE:TREE_FIGURE -
[-        ] NFC…ER:BIGBACTER:CORE:DIST_MAT | 0 of 1
[-        ] NFC…CTER:ACCESSORY:FORMAT_DIST -
[-        ] NFC…GBACTER:ACCESSORY:DIST_MAT -
[-        ] NFC…ER:BIGBACTER:SUMMARY_TABLE -
[-        ] NFC…BIGBACTER:COMBINED_SUMMARY -
Plus 3 more processes waiting for tasks…
[50/dcf598] NOTE: Missing output file(s) `*.fasta` expected by process `NFCORE_BIGBACTER:BIGBACTER:CORE:GUBBINS (Acinetobacter_baumannii-00001)` -- Error is ignored

executor >  local (125)
[3d/878939] NFC…BACTER:BIGBACTER:TIMESTAMP | 1 of 1 ✔
[e5/2a3682] NFC…ET_CHECK (samplesheet.csv) | 1 of 1 ✔
[75/524990] NFC…EQTK_SEQ (2026LY-00069_T1) | 28 of 28 ✔
[79/ed4b76] NFC…ER:FASTP (2025LY-00194_T1) | 28 of 28 ✔
[25/7713d5] NFC…ASSEMBLY (2025LY-00194_T1) | 28 of 28 ✔
[98/806d87] NFC… (Acinetobacter_baumannii) | 1 of 1 ✔
[42/01cc30] NFC… (Acinetobacter_baumannii) | 1 of 1 ✔
[-        ] NFC…ER:RESOLVE_MERGED_CLUSTERS -
[1c/0dd78f] NFC…Y_SINGLE (2026LY-00023_T1) | 28 of 28 ✔
[6d/fe3311] NFC…etobacter_baumannii_00001) | 2 of 2 ✔
[50/dcf598] NFC…etobacter_baumannii-00001) | 1 of 1, failed: 1 ✔
[-        ] NFC…TER:BIGBACTER:CORE:RAPIDNJ -
[b2/d52cfa] NFC…etobacter_baumannii_00001) | 1 of 1 ✔
[26/395685] NFC…er_baumannii_00001_snippy) | 2 of 2 ✔
[0a/babda0] NFC…er_baumannii_00001_snippy) | 0 of 1
[1d/636df2] NFC…er_baumannii_00176_snippy) | 0 of 2
[-        ] NFC…CTER:ACCESSORY:FORMAT_DIST -
[-        ] NFC…GBACTER:ACCESSORY:DIST_MAT -
[-        ] NFC…ER:BIGBACTER:SUMMARY_TABLE -
[-        ] NFC…BIGBACTER:COMBINED_SUMMARY -
Plus 3 more processes waiting for tasks…
[50/dcf598] NOTE: Missing output file(s) `*.fasta` expected by process `NFCORE_BIGBACTER:BIGBACTER:CORE:GUBBINS (Acinetobacter_baumannii-00001)` -- Error is ignored

executor >  local (126)
[3d/878939] NFC…BACTER:BIGBACTER:TIMESTAMP | 1 of 1 ✔
[e5/2a3682] NFC…ET_CHECK (samplesheet.csv) | 1 of 1 ✔
[75/524990] NFC…EQTK_SEQ (2026LY-00069_T1) | 28 of 28 ✔
[79/ed4b76] NFC…ER:FASTP (2025LY-00194_T1) | 28 of 28 ✔
[25/7713d5] NFC…ASSEMBLY (2025LY-00194_T1) | 28 of 28 ✔
[98/806d87] NFC… (Acinetobacter_baumannii) | 1 of 1 ✔
[42/01cc30] NFC… (Acinetobacter_baumannii) | 1 of 1 ✔
[-        ] NFC…ER:RESOLVE_MERGED_CLUSTERS -
[1c/0dd78f] NFC…Y_SINGLE (2026LY-00023_T1) | 28 of 28 ✔
[6d/fe3311] NFC…etobacter_baumannii_00001) | 2 of 2 ✔
[50/dcf598] NFC…etobacter_baumannii-00001) | 1 of 1, failed: 1 ✔
[-        ] NFC…TER:BIGBACTER:CORE:RAPIDNJ -
[b2/d52cfa] NFC…etobacter_baumannii_00001) | 1 of 1 ✔
[26/395685] NFC…er_baumannii_00001_snippy) | 2 of 2 ✔
[0a/babda0] NFC…er_baumannii_00001_snippy) | 0 of 1
[1d/636df2] NFC…er_baumannii_00176_snippy) | 0 of 2
[-        ] NFC…CTER:ACCESSORY:FORMAT_DIST -
[-        ] NFC…GBACTER:ACCESSORY:DIST_MAT -
[-        ] NFC…ER:BIGBACTER:SUMMARY_TABLE -
[-        ] NFC…BIGBACTER:COMBINED_SUMMARY -
[3a/5fd1f8] NFC…M_DUMPSOFTWAREVERSIONS (1) | 0 of 1
Plus 2 more processes waiting for tasks…
[50/dcf598] NOTE: Missing output file(s) `*.fasta` expected by process `NFCORE_BIGBACTER:BIGBACTER:CORE:GUBBINS (Acinetobacter_baumannii-00001)` -- Error is ignored

executor >  local (127)
[3d/878939] NFC…BACTER:BIGBACTER:TIMESTAMP | 1 of 1 ✔
[e5/2a3682] NFC…ET_CHECK (samplesheet.csv) | 1 of 1 ✔
[75/524990] NFC…EQTK_SEQ (2026LY-00069_T1) | 28 of 28 ✔
[79/ed4b76] NFC…ER:FASTP (2025LY-00194_T1) | 28 of 28 ✔
[25/7713d5] NFC…ASSEMBLY (2025LY-00194_T1) | 28 of 28 ✔
[98/806d87] NFC… (Acinetobacter_baumannii) | 1 of 1 ✔
[42/01cc30] NFC… (Acinetobacter_baumannii) | 1 of 1 ✔
[-        ] NFC…ER:RESOLVE_MERGED_CLUSTERS -
[1c/0dd78f] NFC…Y_SINGLE (2026LY-00023_T1) | 28 of 28 ✔
[6d/fe3311] NFC…etobacter_baumannii_00001) | 2 of 2 ✔
[50/dcf598] NFC…etobacter_baumannii-00001) | 1 of 1, failed: 1 ✔
[-        ] NFC…TER:BIGBACTER:CORE:RAPIDNJ -
[b2/d52cfa] NFC…etobacter_baumannii_00001) | 1 of 1 ✔
[26/395685] NFC…er_baumannii_00001_snippy) | 2 of 2 ✔
[0a/babda0] NFC…er_baumannii_00001_snippy) | 1 of 1 ✔
[1d/636df2] NFC…er_baumannii_00176_snippy) | 1 of 2
[f7/829d5e] NFC…etobacter_baumannii-00001) | 0 of 1
[-        ] NFC…GBACTER:ACCESSORY:DIST_MAT -
[-        ] NFC…ER:BIGBACTER:SUMMARY_TABLE -
[-        ] NFC…BIGBACTER:COMBINED_SUMMARY -
[3a/5fd1f8] NFC…M_DUMPSOFTWAREVERSIONS (1) | 1 of 1 ✔
Plus 2 more processes waiting for tasks…
[50/dcf598] NOTE: Missing output file(s) `*.fasta` expected by process `NFCORE_BIGBACTER:BIGBACTER:CORE:GUBBINS (Acinetobacter_baumannii-00001)` -- Error is ignored

executor >  local (128)
[3d/878939] NFC…BACTER:BIGBACTER:TIMESTAMP | 1 of 1 ✔
[e5/2a3682] NFC…ET_CHECK (samplesheet.csv) | 1 of 1 ✔
[75/524990] NFC…EQTK_SEQ (2026LY-00069_T1) | 28 of 28 ✔
[79/ed4b76] NFC…ER:FASTP (2025LY-00194_T1) | 28 of 28 ✔
[25/7713d5] NFC…ASSEMBLY (2025LY-00194_T1) | 28 of 28 ✔
[98/806d87] NFC… (Acinetobacter_baumannii) | 1 of 1 ✔
[42/01cc30] NFC… (Acinetobacter_baumannii) | 1 of 1 ✔
[-        ] NFC…ER:RESOLVE_MERGED_CLUSTERS -
[1c/0dd78f] NFC…Y_SINGLE (2026LY-00023_T1) | 28 of 28 ✔
[6d/fe3311] NFC…etobacter_baumannii_00001) | 2 of 2 ✔
[50/dcf598] NFC…etobacter_baumannii-00001) | 1 of 1, failed: 1 ✔
[-        ] NFC…TER:BIGBACTER:CORE:RAPIDNJ -
[b2/d52cfa] NFC…etobacter_baumannii_00001) | 1 of 1 ✔
[26/395685] NFC…er_baumannii_00001_snippy) | 2 of 2 ✔
[0a/babda0] NFC…er_baumannii_00001_snippy) | 1 of 1 ✔
[1d/636df2] NFC…er_baumannii_00176_snippy) | 1 of 2
[f7/829d5e] NFC…etobacter_baumannii-00001) | 0 of 1
[-        ] NFC…GBACTER:ACCESSORY:DIST_MAT -
[-        ] NFC…ER:BIGBACTER:SUMMARY_TABLE -
[-        ] NFC…BIGBACTER:COMBINED_SUMMARY -
[3a/5fd1f8] NFC…M_DUMPSOFTWAREVERSIONS (1) | 1 of 1 ✔
[8e/fd4f08] NFC…IGBACTER:BIGBACTER:MULTIQC | 0 of 1
Plus 1 more processes waiting for tasks…
[50/dcf598] NOTE: Missing output file(s) `*.fasta` expected by process `NFCORE_BIGBACTER:BIGBACTER:CORE:GUBBINS (Acinetobacter_baumannii-00001)` -- Error is ignored

executor >  local (128)
[3d/878939] NFC…BACTER:BIGBACTER:TIMESTAMP | 1 of 1 ✔
[e5/2a3682] NFC…ET_CHECK (samplesheet.csv) | 1 of 1 ✔
[75/524990] NFC…EQTK_SEQ (2026LY-00069_T1) | 28 of 28 ✔
[79/ed4b76] NFC…ER:FASTP (2025LY-00194_T1) | 28 of 28 ✔
[25/7713d5] NFC…ASSEMBLY (2025LY-00194_T1) | 28 of 28 ✔
[98/806d87] NFC… (Acinetobacter_baumannii) | 1 of 1 ✔
[42/01cc30] NFC… (Acinetobacter_baumannii) | 1 of 1 ✔
[-        ] NFC…ER:RESOLVE_MERGED_CLUSTERS -
[1c/0dd78f] NFC…Y_SINGLE (2026LY-00023_T1) | 28 of 28 ✔
[6d/fe3311] NFC…etobacter_baumannii_00001) | 2 of 2 ✔
[50/dcf598] NFC…etobacter_baumannii-00001) | 1 of 1, failed: 1 ✔
[-        ] NFC…TER:BIGBACTER:CORE:RAPIDNJ -
[b2/d52cfa] NFC…etobacter_baumannii_00001) | 1 of 1 ✔
[26/395685] NFC…er_baumannii_00001_snippy) | 2 of 2 ✔
[0a/babda0] NFC…er_baumannii_00001_snippy) | 1 of 1 ✔
[1d/636df2] NFC…er_baumannii_00176_snippy) | 1 of 2
[f7/829d5e] NFC…etobacter_baumannii-00001) | 1 of 1 ✔
[-        ] NFC…GBACTER:ACCESSORY:DIST_MAT | 0 of 1
[-        ] NFC…ER:BIGBACTER:SUMMARY_TABLE -
[-        ] NFC…BIGBACTER:COMBINED_SUMMARY -
[3a/5fd1f8] NFC…M_DUMPSOFTWAREVERSIONS (1) | 1 of 1 ✔
[8e/fd4f08] NFC…IGBACTER:BIGBACTER:MULTIQC | 0 of 1
Plus 1 more processes waiting for tasks…
[50/dcf598] NOTE: Missing output file(s) `*.fasta` expected by process `NFCORE_BIGBACTER:BIGBACTER:CORE:GUBBINS (Acinetobacter_baumannii-00001)` -- Error is ignored

executor >  local (129)
[3d/878939] NFC…BACTER:BIGBACTER:TIMESTAMP | 1 of 1 ✔
[e5/2a3682] NFC…ET_CHECK (samplesheet.csv) | 1 of 1 ✔
[75/524990] NFC…EQTK_SEQ (2026LY-00069_T1) | 28 of 28 ✔
[79/ed4b76] NFC…ER:FASTP (2025LY-00194_T1) | 28 of 28 ✔
[25/7713d5] NFC…ASSEMBLY (2025LY-00194_T1) | 28 of 28 ✔
[98/806d87] NFC… (Acinetobacter_baumannii) | 1 of 1 ✔
[42/01cc30] NFC… (Acinetobacter_baumannii) | 1 of 1 ✔
[-        ] NFC…ER:RESOLVE_MERGED_CLUSTERS -
[1c/0dd78f] NFC…Y_SINGLE (2026LY-00023_T1) | 28 of 28 ✔
[6d/fe3311] NFC…etobacter_baumannii_00001) | 2 of 2 ✔
[50/dcf598] NFC…etobacter_baumannii-00001) | 1 of 1, failed: 1 ✔
[-        ] NFC…TER:BIGBACTER:CORE:RAPIDNJ -
[b2/d52cfa] NFC…etobacter_baumannii_00001) | 1 of 1 ✔
[26/395685] NFC…er_baumannii_00001_snippy) | 2 of 2 ✔
[0a/babda0] NFC…er_baumannii_00001_snippy) | 1 of 1 ✔
[fc/86109e] NFC…er_baumannii_00001_snippy) | 2 of 2 ✔
[f7/829d5e] NFC…etobacter_baumannii-00001) | 1 of 1 ✔
[8e/2a96be] NFC…r_baumannii_00001_poppunk) | 0 of 1
[-        ] NFC…ER:BIGBACTER:SUMMARY_TABLE -
[-        ] NFC…BIGBACTER:COMBINED_SUMMARY -
[3a/5fd1f8] NFC…M_DUMPSOFTWAREVERSIONS (1) | 1 of 1 ✔
[8e/fd4f08] NFC…IGBACTER:BIGBACTER:MULTIQC | 0 of 1
Plus 1 more processes waiting for tasks…
[50/dcf598] NOTE: Missing output file(s) `*.fasta` expected by process `NFCORE_BIGBACTER:BIGBACTER:CORE:GUBBINS (Acinetobacter_baumannii-00001)` -- Error is ignored

executor >  local (131)
[3d/878939] NFC…BACTER:BIGBACTER:TIMESTAMP | 1 of 1 ✔
[e5/2a3682] NFC…ET_CHECK (samplesheet.csv) | 1 of 1 ✔
[75/524990] NFC…EQTK_SEQ (2026LY-00069_T1) | 28 of 28 ✔
[79/ed4b76] NFC…ER:FASTP (2025LY-00194_T1) | 28 of 28 ✔
[25/7713d5] NFC…ASSEMBLY (2025LY-00194_T1) | 28 of 28 ✔
[98/806d87] NFC… (Acinetobacter_baumannii) | 1 of 1 ✔
[42/01cc30] NFC… (Acinetobacter_baumannii) | 1 of 1 ✔
[-        ] NFC…ER:RESOLVE_MERGED_CLUSTERS -
[1c/0dd78f] NFC…Y_SINGLE (2026LY-00023_T1) | 28 of 28 ✔
[6d/fe3311] NFC…etobacter_baumannii_00001) | 2 of 2 ✔
[50/dcf598] NFC…etobacter_baumannii-00001) | 1 of 1, failed: 1 ✔
[-        ] NFC…TER:BIGBACTER:CORE:RAPIDNJ -
[b2/d52cfa] NFC…etobacter_baumannii_00001) | 1 of 1 ✔
[26/395685] NFC…er_baumannii_00001_snippy) | 2 of 2 ✔
[0a/babda0] NFC…er_baumannii_00001_snippy) | 1 of 1 ✔
[fc/86109e] NFC…er_baumannii_00001_snippy) | 2 of 2 ✔
[f7/829d5e] NFC…etobacter_baumannii-00001) | 1 of 1 ✔
[8e/2a96be] NFC…r_baumannii_00001_poppunk) | 0 of 1
[03/92fc5e] NFC…etobacter_baumannii_00001) | 0 of 2
[-        ] NFC…BIGBACTER:COMBINED_SUMMARY -
[3a/5fd1f8] NFC…M_DUMPSOFTWAREVERSIONS (1) | 1 of 1 ✔
[8e/fd4f08] NFC…IGBACTER:BIGBACTER:MULTIQC | 0 of 1
Plus 1 more processes waiting for tasks…
[50/dcf598] NOTE: Missing output file(s) `*.fasta` expected by process `NFCORE_BIGBACTER:BIGBACTER:CORE:GUBBINS (Acinetobacter_baumannii-00001)` -- Error is ignored

executor >  local (131)
[3d/878939] NFC…BACTER:BIGBACTER:TIMESTAMP | 1 of 1 ✔
[e5/2a3682] NFC…ET_CHECK (samplesheet.csv) | 1 of 1 ✔
[75/524990] NFC…EQTK_SEQ (2026LY-00069_T1) | 28 of 28 ✔
[79/ed4b76] NFC…ER:FASTP (2025LY-00194_T1) | 28 of 28 ✔
[25/7713d5] NFC…ASSEMBLY (2025LY-00194_T1) | 28 of 28 ✔
[98/806d87] NFC… (Acinetobacter_baumannii) | 1 of 1 ✔
[42/01cc30] NFC… (Acinetobacter_baumannii) | 1 of 1 ✔
[-        ] NFC…ER:RESOLVE_MERGED_CLUSTERS -
[1c/0dd78f] NFC…Y_SINGLE (2026LY-00023_T1) | 28 of 28 ✔
[6d/fe3311] NFC…etobacter_baumannii_00001) | 2 of 2 ✔
[50/dcf598] NFC…etobacter_baumannii-00001) | 1 of 1, failed: 1 ✔
[-        ] NFC…TER:BIGBACTER:CORE:RAPIDNJ -
[b2/d52cfa] NFC…etobacter_baumannii_00001) | 1 of 1 ✔
[26/395685] NFC…er_baumannii_00001_snippy) | 2 of 2 ✔
[0a/babda0] NFC…er_baumannii_00001_snippy) | 1 of 1 ✔
[fc/86109e] NFC…er_baumannii_00001_snippy) | 2 of 2 ✔
[f7/829d5e] NFC…etobacter_baumannii-00001) | 1 of 1 ✔
[8e/2a96be] NFC…r_baumannii_00001_poppunk) | 0 of 1
[80/b692f1] NFC…etobacter_baumannii_00176) | 2 of 2 ✔
[-        ] NFC…BIGBACTER:COMBINED_SUMMARY -
[3a/5fd1f8] NFC…M_DUMPSOFTWAREVERSIONS (1) | 1 of 1 ✔
[8e/fd4f08] NFC…IGBACTER:BIGBACTER:MULTIQC | 0 of 1
Plus 1 more processes waiting for tasks…
[50/dcf598] NOTE: Missing output file(s) `*.fasta` expected by process `NFCORE_BIGBACTER:BIGBACTER:CORE:GUBBINS (Acinetobacter_baumannii-00001)` -- Error is ignored

executor >  local (132)
[3d/878939] NFC…BACTER:BIGBACTER:TIMESTAMP | 1 of 1 ✔
[e5/2a3682] NFC…ET_CHECK (samplesheet.csv) | 1 of 1 ✔
[75/524990] NFC…EQTK_SEQ (2026LY-00069_T1) | 28 of 28 ✔
[79/ed4b76] NFC…ER:FASTP (2025LY-00194_T1) | 28 of 28 ✔
[25/7713d5] NFC…ASSEMBLY (2025LY-00194_T1) | 28 of 28 ✔
[98/806d87] NFC… (Acinetobacter_baumannii) | 1 of 1 ✔
[42/01cc30] NFC… (Acinetobacter_baumannii) | 1 of 1 ✔
[-        ] NFC…ER:RESOLVE_MERGED_CLUSTERS -
[1c/0dd78f] NFC…Y_SINGLE (2026LY-00023_T1) | 28 of 28 ✔
[6d/fe3311] NFC…etobacter_baumannii_00001) | 2 of 2 ✔
[50/dcf598] NFC…etobacter_baumannii-00001) | 1 of 1, failed: 1 ✔
[-        ] NFC…TER:BIGBACTER:CORE:RAPIDNJ -
[b2/d52cfa] NFC…etobacter_baumannii_00001) | 1 of 1 ✔
[26/395685] NFC…er_baumannii_00001_snippy) | 2 of 2 ✔
[0a/babda0] NFC…er_baumannii_00001_snippy) | 1 of 1 ✔
[fc/86109e] NFC…er_baumannii_00001_snippy) | 2 of 2 ✔
[f7/829d5e] NFC…etobacter_baumannii-00001) | 1 of 1 ✔
[8e/2a96be] NFC…r_baumannii_00001_poppunk) | 0 of 1
[80/b692f1] NFC…etobacter_baumannii_00176) | 2 of 2 ✔
[32/303bc6] NFC…BINED_SUMMARY (1784154587) | 0 of 1
[3a/5fd1f8] NFC…M_DUMPSOFTWAREVERSIONS (1) | 1 of 1 ✔
[8e/fd4f08] NFC…IGBACTER:BIGBACTER:MULTIQC | 0 of 1
Plus 1 more processes waiting for tasks…
[50/dcf598] NOTE: Missing output file(s) `*.fasta` expected by process `NFCORE_BIGBACTER:BIGBACTER:CORE:GUBBINS (Acinetobacter_baumannii-00001)` -- Error is ignored

executor >  local (132)
[3d/878939] NFC…BACTER:BIGBACTER:TIMESTAMP | 1 of 1 ✔
[e5/2a3682] NFC…ET_CHECK (samplesheet.csv) | 1 of 1 ✔
[75/524990] NFC…EQTK_SEQ (2026LY-00069_T1) | 28 of 28 ✔
[79/ed4b76] NFC…ER:FASTP (2025LY-00194_T1) | 28 of 28 ✔
[25/7713d5] NFC…ASSEMBLY (2025LY-00194_T1) | 28 of 28 ✔
[98/806d87] NFC… (Acinetobacter_baumannii) | 1 of 1 ✔
[42/01cc30] NFC… (Acinetobacter_baumannii) | 1 of 1 ✔
[-        ] NFC…ER:RESOLVE_MERGED_CLUSTERS -
[1c/0dd78f] NFC…Y_SINGLE (2026LY-00023_T1) | 28 of 28 ✔
[6d/fe3311] NFC…etobacter_baumannii_00001) | 2 of 2 ✔
[50/dcf598] NFC…etobacter_baumannii-00001) | 1 of 1, failed: 1 ✔
[-        ] NFC…TER:BIGBACTER:CORE:RAPIDNJ -
[b2/d52cfa] NFC…etobacter_baumannii_00001) | 1 of 1 ✔
[26/395685] NFC…er_baumannii_00001_snippy) | 2 of 2 ✔
[0a/babda0] NFC…er_baumannii_00001_snippy) | 1 of 1 ✔
[fc/86109e] NFC…er_baumannii_00001_snippy) | 2 of 2 ✔
[f7/829d5e] NFC…etobacter_baumannii-00001) | 1 of 1 ✔
[8e/2a96be] NFC…r_baumannii_00001_poppunk) | 0 of 1
[80/b692f1] NFC…etobacter_baumannii_00176) | 2 of 2 ✔
[32/303bc6] NFC…BINED_SUMMARY (1784154587) | 1 of 1 ✔
[3a/5fd1f8] NFC…M_DUMPSOFTWAREVERSIONS (1) | 1 of 1 ✔
[8e/fd4f08] NFC…IGBACTER:BIGBACTER:MULTIQC | 0 of 1
Plus 1 more processes waiting for tasks…
[50/dcf598] NOTE: Missing output file(s) `*.fasta` expected by process `NFCORE_BIGBACTER:BIGBACTER:CORE:GUBBINS (Acinetobacter_baumannii-00001)` -- Error is ignored

executor >  local (132)
[3d/878939] NFC…BACTER:BIGBACTER:TIMESTAMP | 1 of 1 ✔
[e5/2a3682] NFC…ET_CHECK (samplesheet.csv) | 1 of 1 ✔
[75/524990] NFC…EQTK_SEQ (2026LY-00069_T1) | 28 of 28 ✔
[79/ed4b76] NFC…ER:FASTP (2025LY-00194_T1) | 28 of 28 ✔
[25/7713d5] NFC…ASSEMBLY (2025LY-00194_T1) | 28 of 28 ✔
[98/806d87] NFC… (Acinetobacter_baumannii) | 1 of 1 ✔
[42/01cc30] NFC… (Acinetobacter_baumannii) | 1 of 1 ✔
[-        ] NFC…ER:RESOLVE_MERGED_CLUSTERS -
[1c/0dd78f] NFC…Y_SINGLE (2026LY-00023_T1) | 28 of 28 ✔
[6d/fe3311] NFC…etobacter_baumannii_00001) | 2 of 2 ✔
[50/dcf598] NFC…etobacter_baumannii-00001) | 1 of 1, failed: 1 ✔
[-        ] NFC…TER:BIGBACTER:CORE:RAPIDNJ -
[b2/d52cfa] NFC…etobacter_baumannii_00001) | 1 of 1 ✔
[26/395685] NFC…er_baumannii_00001_snippy) | 2 of 2 ✔
[0a/babda0] NFC…er_baumannii_00001_snippy) | 1 of 1 ✔
[fc/86109e] NFC…er_baumannii_00001_snippy) | 2 of 2 ✔
[f7/829d5e] NFC…etobacter_baumannii-00001) | 1 of 1 ✔
[8e/2a96be] NFC…r_baumannii_00001_poppunk) | 1 of 1 ✔
[80/b692f1] NFC…etobacter_baumannii_00176) | 2 of 2 ✔
[32/303bc6] NFC…BINED_SUMMARY (1784154587) | 1 of 1 ✔
[3a/5fd1f8] NFC…M_DUMPSOFTWAREVERSIONS (1) | 1 of 1 ✔
[8e/fd4f08] NFC…IGBACTER:BIGBACTER:MULTIQC | 0 of 1
Plus 1 more processes waiting for tasks…
[50/dcf598] NOTE: Missing output file(s) `*.fasta` expected by process `NFCORE_BIGBACTER:BIGBACTER:CORE:GUBBINS (Acinetobacter_baumannii-00001)` -- Error is ignored

executor >  local (132)
[3d/878939] NFC…BACTER:BIGBACTER:TIMESTAMP | 1 of 1 ✔
[e5/2a3682] NFC…ET_CHECK (samplesheet.csv) | 1 of 1 ✔
[75/524990] NFC…EQTK_SEQ (2026LY-00069_T1) | 28 of 28 ✔
[79/ed4b76] NFC…ER:FASTP (2025LY-00194_T1) | 28 of 28 ✔
[25/7713d5] NFC…ASSEMBLY (2025LY-00194_T1) | 28 of 28 ✔
[98/806d87] NFC… (Acinetobacter_baumannii) | 1 of 1 ✔
[42/01cc30] NFC… (Acinetobacter_baumannii) | 1 of 1 ✔
[-        ] NFC…ER:RESOLVE_MERGED_CLUSTERS -
[1c/0dd78f] NFC…Y_SINGLE (2026LY-00023_T1) | 28 of 28 ✔
[6d/fe3311] NFC…etobacter_baumannii_00001) | 2 of 2 ✔
[50/dcf598] NFC…etobacter_baumannii-00001) | 1 of 1, failed: 1 ✔
[-        ] NFC…TER:BIGBACTER:CORE:RAPIDNJ -
[b2/d52cfa] NFC…etobacter_baumannii_00001) | 1 of 1 ✔
[26/395685] NFC…er_baumannii_00001_snippy) | 2 of 2 ✔
[0a/babda0] NFC…er_baumannii_00001_snippy) | 1 of 1 ✔
[fc/86109e] NFC…er_baumannii_00001_snippy) | 2 of 2 ✔
[f7/829d5e] NFC…etobacter_baumannii-00001) | 1 of 1 ✔
[8e/2a96be] NFC…r_baumannii_00001_poppunk) | 1 of 1 ✔
[80/b692f1] NFC…etobacter_baumannii_00176) | 2 of 2 ✔
[32/303bc6] NFC…BINED_SUMMARY (1784154587) | 1 of 1 ✔
[-        ] NFC…BIGBACTER:BIGBACTER:MRFIGS | 0 of 1
[3a/5fd1f8] NFC…M_DUMPSOFTWAREVERSIONS (1) | 1 of 1 ✔
[8e/fd4f08] NFC…IGBACTER:BIGBACTER:MULTIQC | 0 of 1


executor >  local (133)
[3d/878939] NFC…BACTER:BIGBACTER:TIMESTAMP | 1 of 1 ✔
[e5/2a3682] NFC…ET_CHECK (samplesheet.csv) | 1 of 1 ✔
[75/524990] NFC…EQTK_SEQ (2026LY-00069_T1) | 28 of 28 ✔
[79/ed4b76] NFC…ER:FASTP (2025LY-00194_T1) | 28 of 28 ✔
[25/7713d5] NFC…ASSEMBLY (2025LY-00194_T1) | 28 of 28 ✔
[98/806d87] NFC… (Acinetobacter_baumannii) | 1 of 1 ✔
[42/01cc30] NFC… (Acinetobacter_baumannii) | 1 of 1 ✔
[-        ] NFC…ER:RESOLVE_MERGED_CLUSTERS -
[1c/0dd78f] NFC…Y_SINGLE (2026LY-00023_T1) | 28 of 28 ✔
[6d/fe3311] NFC…etobacter_baumannii_00001) | 2 of 2 ✔
[50/dcf598] NFC…etobacter_baumannii-00001) | 1 of 1, failed: 1 ✔
[-        ] NFC…TER:BIGBACTER:CORE:RAPIDNJ -
[b2/d52cfa] NFC…etobacter_baumannii_00001) | 1 of 1 ✔
[26/395685] NFC…er_baumannii_00001_snippy) | 2 of 2 ✔
[0a/babda0] NFC…er_baumannii_00001_snippy) | 1 of 1 ✔
[fc/86109e] NFC…er_baumannii_00001_snippy) | 2 of 2 ✔
[f7/829d5e] NFC…etobacter_baumannii-00001) | 1 of 1 ✔
[8e/2a96be] NFC…r_baumannii_00001_poppunk) | 1 of 1 ✔
[80/b692f1] NFC…etobacter_baumannii_00176) | 2 of 2 ✔
[32/303bc6] NFC…BINED_SUMMARY (1784154587) | 1 of 1 ✔
[b5/8b0667] NFC…er_baumannii-00001.snippy) | 0 of 1
[3a/5fd1f8] NFC…M_DUMPSOFTWAREVERSIONS (1) | 1 of 1 ✔
[8e/fd4f08] NFC…IGBACTER:BIGBACTER:MULTIQC | 0 of 1


executor >  local (133)
[3d/878939] NFC…BACTER:BIGBACTER:TIMESTAMP | 1 of 1 ✔
[e5/2a3682] NFC…ET_CHECK (samplesheet.csv) | 1 of 1 ✔
[75/524990] NFC…EQTK_SEQ (2026LY-00069_T1) | 28 of 28 ✔
[79/ed4b76] NFC…ER:FASTP (2025LY-00194_T1) | 28 of 28 ✔
[25/7713d5] NFC…ASSEMBLY (2025LY-00194_T1) | 28 of 28 ✔
[98/806d87] NFC… (Acinetobacter_baumannii) | 1 of 1 ✔
[42/01cc30] NFC… (Acinetobacter_baumannii) | 1 of 1 ✔
[-        ] NFC…ER:RESOLVE_MERGED_CLUSTERS -
[1c/0dd78f] NFC…Y_SINGLE (2026LY-00023_T1) | 28 of 28 ✔
[6d/fe3311] NFC…etobacter_baumannii_00001) | 2 of 2 ✔
[50/dcf598] NFC…etobacter_baumannii-00001) | 1 of 1, failed: 1 ✔
[-        ] NFC…TER:BIGBACTER:CORE:RAPIDNJ -
[b2/d52cfa] NFC…etobacter_baumannii_00001) | 1 of 1 ✔
[26/395685] NFC…er_baumannii_00001_snippy) | 2 of 2 ✔
[0a/babda0] NFC…er_baumannii_00001_snippy) | 1 of 1 ✔
[fc/86109e] NFC…er_baumannii_00001_snippy) | 2 of 2 ✔
[f7/829d5e] NFC…etobacter_baumannii-00001) | 1 of 1 ✔
[8e/2a96be] NFC…r_baumannii_00001_poppunk) | 1 of 1 ✔
[80/b692f1] NFC…etobacter_baumannii_00176) | 2 of 2 ✔
[32/303bc6] NFC…BINED_SUMMARY (1784154587) | 1 of 1 ✔
[b5/8b0667] NFC…er_baumannii-00001.snippy) | 1 of 1 ✔
[3a/5fd1f8] NFC…M_DUMPSOFTWAREVERSIONS (1) | 1 of 1 ✔
[8e/fd4f08] NFC…IGBACTER:BIGBACTER:MULTIQC | 0 of 1

executor >  local (133)
[3d/878939] NFC…BACTER:BIGBACTER:TIMESTAMP | 1 of 1 ✔
[e5/2a3682] NFC…ET_CHECK (samplesheet.csv) | 1 of 1 ✔
[75/524990] NFC…EQTK_SEQ (2026LY-00069_T1) | 28 of 28 ✔
[79/ed4b76] NFC…ER:FASTP (2025LY-00194_T1) | 28 of 28 ✔
[25/7713d5] NFC…ASSEMBLY (2025LY-00194_T1) | 28 of 28 ✔
[98/806d87] NFC… (Acinetobacter_baumannii) | 1 of 1 ✔
[42/01cc30] NFC… (Acinetobacter_baumannii) | 1 of 1 ✔
[-        ] NFC…ER:RESOLVE_MERGED_CLUSTERS -
[1c/0dd78f] NFC…Y_SINGLE (2026LY-00023_T1) | 28 of 28 ✔
[6d/fe3311] NFC…etobacter_baumannii_00001) | 2 of 2 ✔
[50/dcf598] NFC…etobacter_baumannii-00001) | 1 of 1, failed: 1 ✔
[-        ] NFC…TER:BIGBACTER:CORE:RAPIDNJ -
[b2/d52cfa] NFC…etobacter_baumannii_00001) | 1 of 1 ✔
[26/395685] NFC…er_baumannii_00001_snippy) | 2 of 2 ✔
[0a/babda0] NFC…er_baumannii_00001_snippy) | 1 of 1 ✔
[fc/86109e] NFC…er_baumannii_00001_snippy) | 2 of 2 ✔
[f7/829d5e] NFC…etobacter_baumannii-00001) | 1 of 1 ✔
[8e/2a96be] NFC…r_baumannii_00001_poppunk) | 1 of 1 ✔
[80/b692f1] NFC…etobacter_baumannii_00176) | 2 of 2 ✔
[32/303bc6] NFC…BINED_SUMMARY (1784154587) | 1 of 1 ✔
[b5/8b0667] NFC…er_baumannii-00001.snippy) | 1 of 1 ✔
[3a/5fd1f8] NFC…M_DUMPSOFTWAREVERSIONS (1) | 1 of 1 ✔
[8e/fd4f08] NFC…IGBACTER:BIGBACTER:MULTIQC | 1 of 1 ✔

executor >  local (133)
[3d/878939] NFC…BACTER:BIGBACTER:TIMESTAMP | 1 of 1 ✔
[e5/2a3682] NFC…ET_CHECK (samplesheet.csv) | 1 of 1 ✔
[75/524990] NFC…EQTK_SEQ (2026LY-00069_T1) | 28 of 28 ✔
[79/ed4b76] NFC…ER:FASTP (2025LY-00194_T1) | 28 of 28 ✔
[25/7713d5] NFC…ASSEMBLY (2025LY-00194_T1) | 28 of 28 ✔
[98/806d87] NFC… (Acinetobacter_baumannii) | 1 of 1 ✔
[42/01cc30] NFC… (Acinetobacter_baumannii) | 1 of 1 ✔
[-        ] NFC…ER:RESOLVE_MERGED_CLUSTERS -
[1c/0dd78f] NFC…Y_SINGLE (2026LY-00023_T1) | 28 of 28 ✔
[6d/fe3311] NFC…etobacter_baumannii_00001) | 2 of 2 ✔
[50/dcf598] NFC…etobacter_baumannii-00001) | 1 of 1, failed: 1 ✔
[-        ] NFC…TER:BIGBACTER:CORE:RAPIDNJ -
[b2/d52cfa] NFC…etobacter_baumannii_00001) | 1 of 1 ✔
[26/395685] NFC…er_baumannii_00001_snippy) | 2 of 2 ✔
[0a/babda0] NFC…er_baumannii_00001_snippy) | 1 of 1 ✔
[fc/86109e] NFC…er_baumannii_00001_snippy) | 2 of 2 ✔
[f7/829d5e] NFC…etobacter_baumannii-00001) | 1 of 1 ✔
[8e/2a96be] NFC…r_baumannii_00001_poppunk) | 1 of 1 ✔
[80/b692f1] NFC…etobacter_baumannii_00176) | 2 of 2 ✔
[32/303bc6] NFC…BINED_SUMMARY (1784154587) | 1 of 1 ✔
[b5/8b0667] NFC…er_baumannii-00001.snippy) | 1 of 1 ✔
[3a/5fd1f8] NFC…M_DUMPSOFTWAREVERSIONS (1) | 1 of 1 ✔
[8e/fd4f08] NFC…IGBACTER:BIGBACTER:MULTIQC | 1 of 1 ✔
-[DOH-JDJ0303/bigbacter] Pipeline completed successfully, but with errored process(es) -

------------------------------------------------------

Next steps:
1. Check your results
2. Run the command below to push this run to your database

> nextflow run DOH-JDJ0303/bigbacter-nf -r v1.0.0 -profile singularity --input /blue/bphl-georgia/tkiryutina/projects/260707-UGA-Training-CODE/ADD-ISOLATES/bigbacter/samplesheet.csv --db /blue/bphl-georgia/tkiryutina/projects/260707-UGA-Training-CODE/bigbacter/db --outdir /blue/bphl-georgia/tkiryutina/projects/260707-UGA-Training-CODE/ADD-ISOLATES/bigbacter/results --max_cpus 16 -c /blue/bphl-georgia/tkiryutina/projects/260707-UGA-Training-CODE/bigbacter/bb_override.config --push true -resume

------------------------------------------------------

-[DOH-JDJ0303/bigbacter] Pipeline completed successfully, but with errored process(es) -

executor >  local (133)
[3d/878939] NFC…BACTER:BIGBACTER:TIMESTAMP | 1 of 1 ✔
[e5/2a3682] NFC…ET_CHECK (samplesheet.csv) | 1 of 1 ✔
[75/524990] NFC…EQTK_SEQ (2026LY-00069_T1) | 28 of 28 ✔
[79/ed4b76] NFC…ER:FASTP (2025LY-00194_T1) | 28 of 28 ✔
[25/7713d5] NFC…ASSEMBLY (2025LY-00194_T1) | 28 of 28 ✔
[98/806d87] NFC… (Acinetobacter_baumannii) | 1 of 1 ✔
[42/01cc30] NFC… (Acinetobacter_baumannii) | 1 of 1 ✔
[-        ] NFC…ER:RESOLVE_MERGED_CLUSTERS -
[1c/0dd78f] NFC…Y_SINGLE (2026LY-00023_T1) | 28 of 28 ✔
[6d/fe3311] NFC…etobacter_baumannii_00001) | 2 of 2 ✔
[50/dcf598] NFC…etobacter_baumannii-00001) | 1 of 1, failed: 1 ✔
[-        ] NFC…TER:BIGBACTER:CORE:RAPIDNJ -
[b2/d52cfa] NFC…etobacter_baumannii_00001) | 1 of 1 ✔
[26/395685] NFC…er_baumannii_00001_snippy) | 2 of 2 ✔
[0a/babda0] NFC…er_baumannii_00001_snippy) | 1 of 1 ✔
[fc/86109e] NFC…er_baumannii_00001_snippy) | 2 of 2 ✔
[f7/829d5e] NFC…etobacter_baumannii-00001) | 1 of 1 ✔
[8e/2a96be] NFC…r_baumannii_00001_poppunk) | 1 of 1 ✔
[80/b692f1] NFC…etobacter_baumannii_00176) | 2 of 2 ✔
[32/303bc6] NFC…BINED_SUMMARY (1784154587) | 1 of 1 ✔
[b5/8b0667] NFC…er_baumannii-00001.snippy) | 1 of 1 ✔
[3a/5fd1f8] NFC…M_DUMPSOFTWAREVERSIONS (1) | 1 of 1 ✔
[8e/fd4f08] NFC…IGBACTER:BIGBACTER:MULTIQC | 1 of 1 ✔
-[DOH-JDJ0303/bigbacter] Pipeline completed successfully, but with errored process(es) -

------------------------------------------------------

Next steps:
1. Check your results
2. Run the command below to push this run to your database

> nextflow run DOH-JDJ0303/bigbacter-nf -r v1.0.0 -profile singularity --input /blue/bphl-georgia/tkiryutina/projects/260707-UGA-Training-CODE/ADD-ISOLATES/bigbacter/samplesheet.csv --db /blue/bphl-georgia/tkiryutina/projects/260707-UGA-Training-CODE/bigbacter/db --outdir /blue/bphl-georgia/tkiryutina/projects/260707-UGA-Training-CODE/ADD-ISOLATES/bigbacter/results --max_cpus 16 -c /blue/bphl-georgia/tkiryutina/projects/260707-UGA-Training-CODE/bigbacter/bb_override.config --push true -resume

------------------------------------------------------

-[DOH-JDJ0303/bigbacter] Pipeline completed successfully, but with errored process(es) -
Completed at: 15-Jul-2026 18:47:20
Duration    : 17m 38s
CPU hours   : 4.0 (0.1% failed)
Succeeded   : 132
Ignored     : 1
Failed      : 1


